FIPS,County_State,Total,White,Black,AmInd_Alaska,Asian,PacIsl
1003,"Baldwin County, Alabama",190790,164641,16807,989,1494,0
1015,"Calhoun County, Alabama",117296,88621,25058,406,911,0
1043,"Cullman County, Alabama",80440,77576,923,88,425,46
1049,"DeKalb County, Alabama",71080,66799,546,346,210,0
1051,"Elmore County, Alabama",80629,61181,16880,301,347,0
1055,"Etowah County, Alabama",104392,84874,15667,605,757,0
1069,"Houston County, Alabama",103402,72596,27353,229,869,0
1073,"Jefferson County, Alabama",660009,351439,281191,1197,10345,186
1077,"Lauderdale County, Alabama",92542,80685,9214,530,236,0
1081,"Lee County, Alabama",147257,103408,33585,479,4008,310
1083,"Limestone County, Alabama",87654,70756,10919,591,1087,0
1089,"Madison County, Alabama",343080,237507,84100,2583,7601,253
1095,"Marshall County, Alabama",94776,85900,1981,388,571,0
1097,"Mobile County, Alabama",413936,250701,145353,3490,8242,44
1101,"Montgomery County, Alabama",230149,91036,127199,148,5170,96
1103,"Morgan County, Alabama",120395,99002,14227,1216,596,0
1115,"St. Clair County, Alabama",85237,74768,7808,704,543,0
1117,"Shelby County, Alabama",200941,163056,22456,672,4458,74
1121,"Talladega County, Alabama",81762,52484,27837,289,135,0
1125,"Tuscaloosa County, Alabama",198596,133122,60393,368,2952,52
2020,"Anchorage Municipality, Alaska",298610,196090,18866,19165,27691,5977
2090,"Fairbanks North Star Borough, Alaska",100272,77771,4865,6443,2454,476
2170,"Matanuska-Susitna Borough, Alaska",93925,80020,932,5224,1314,137
4001,"Apache County, Arizona",73195,16846,245,53160,394,105
4003,"Cochise County, Arizona",132088,101432,6352,1273,1922,49
4005,"Coconino County, Arizona",136011,86250,2439,36848,2057,220
4013,"Maricopa County, Arizona",3942169,3172111,210034,73790,145155,7655
4015,"Mohave County, Arizona",203334,174551,2385,2228,2244,364
4017,"Navajo County, Arizona",107094,50237,847,46952,174,216
4019,"Pima County, Arizona",992394,770541,38493,30129,26525,1189
4021,"Pinal County, Arizona",387365,309024,18388,23437,6859,588
4025,"Yavapai County, Arizona",212637,194738,1425,4319,1974,0
4027,"Yuma County, Arizona",200022,152891,4053,2003,2506,1443
5007,"Benton County, Arkansas",232268,206022,2820,3222,7381,195
5031,"Craighead County, Arkansas",99735,82263,13844,191,1337,0
5045,"Faulkner County, Arkansas",118704,100880,13067,587,1872,46
5051,"Garland County, Arkansas",96903,81647,8270,556,835,0
5069,"Jefferson County, Arkansas",74723,31047,41544,34,594,0
5119,"Pulaski County, Arkansas",388953,231887,138962,1509,8787,0
5125,"Saline County, Arkansas",111845,101653,6237,187,985,0
5131,"Sebastian County, Arkansas",127304,104655,7712,2175,5710,238
5143,"Washington County, Arkansas",211411,164100,7639,1770,5314,4638
6001,"Alameda County, California",1554720,708878,184261,10634,415463,14201
6007,"Butte County, California",221539,188102,3425,1892,10111,153
6013,"Contra Costa County, California",1079597,678464,97624,6624,159292,5336
6017,"El Dorado County, California",180561,155511,1370,991,8152,0
6019,"Fresno County, California",947895,527535,49545,10638,93292,1304
6023,"Humboldt County, California",134827,111133,2240,6935,3904,412
6025,"Imperial County, California",176948,142527,5365,1100,2268,467
6029,"Kern County, California",856158,612061,47122,12047,40221,1679
6031,"Kings County, California",151364,105685,9792,1330,6110,44
6033,"Lake County, California",63983,51772,1683,1570,838,514
6037,"Los Angeles County, California",9962789,5321307,832875,44987,1384775,24486
6039,"Madera County, California",152218,122012,6016,2936,3247,165
6041,"Marin County, California",256069,205171,5897,1044,15555,261
6045,"Mendocino County, California",87428,72850,446,2976,1839,322
6047,"Merced County, California",262305,157661,9337,2839,20014,1016
6053,"Monterey County, California",426762,313397,12120,2304,27707,1967
6055,"Napa County, California",139045,105822,2988,776,10625,170
6057,"Nevada County, California",98292,91658,279,1056,1316,50
6059,"Orange County, California",3090132,1974285,46639,10899,575713,9490
6061,"Placer County, California",361682,304087,3967,1887,23918,199
6065,"Riverside County, California",2268783,1489846,140875,22967,133076,7005
6067,"Sacramento County, California",1450121,862619,145843,12869,217477,15183
6071,"San Bernardino County, California",2081313,1302587,185086,22260,136597,7259
6073,"San Diego County, California",3177063,2237694,163368,26541,364545,15737
6075,"San Francisco County, California",825863,409803,46406,2640,274340,3381
6077,"San Joaquin County, California",702612,395346,50103,5158,100563,4031
6079,"San Luis Obispo County, California",274804,229174,4894,2495,11025,76
6081,"San Mateo County, California",739311,422116,19849,2542,192094,10044
6083,"Santa Barbara County, California",431249,320505,9676,4612,22024,1055
6085,"Santa Clara County, California",1837504,922367,49013,9597,608358,7015
6087,"Santa Cruz County, California",266776,221730,3020,1952,10991,521
6089,"Shasta County, California",178586,155477,2059,6495,4891,0
6095,"Solano County, California",420757,227816,55648,2055,64570,3944
6097,"Sonoma County, California",491829,376599,8402,5481,19808,1763
6099,"Stanislaus County, California",521726,395749,14118,3515,27678,3884
6101,"Sutter County, California",95022,66209,1412,1600,13962,51
6107,"Tulare County, California",451977,364336,7047,5098,15248,513
6111,"Ventura County, California",835981,651545,16535,4214,56835,1430
6113,"Yolo County, California",204118,136360,5129,1806,28186,640
6115,"Yuba County, California",72926,51871,2402,744,5582,273
8001,"Adams County, Colorado",459598,380017,14776,3540,16944,406
8005,"Arapahoe County, Colorado",595546,445459,61781,4689,31856,1177
8013,"Boulder County, Colorado",305318,270200,3354,1174,14208,19
8031,"Denver County, Colorado",634265,479745,64566,5941,21689,464
8035,"Douglas County, Colorado",298215,271346,3688,858,12212,153
8041,"El Paso County, Colorado",644964,527453,41251,3980,16719,1362
8059,"Jefferson County, Colorado",545358,495398,6650,5189,13596,69
8069,"Larimer County, Colorado",310487,281231,2963,1278,5803,373
8077,"Mesa County, Colorado",147848,136439,920,1598,766,196
8101,"Pueblo County, Colorado",160852,128522,3280,2869,744,95
8123,"Weld County, Colorado",263691,222649,2771,2589,3897,35
9001,"Fairfield County, Connecticut",933835,693587,105247,2372,47022,315
9003,"Hartford County, Connecticut",897259,664870,117870,2918,40195,1759
9005,"Litchfield County, Connecticut",187530,176068,1976,453,3687,0
9007,"Middlesex County, Connecticut",165602,147849,9375,289,4796,34
9009,"New Haven County, Connecticut",862813,651410,110151,3566,32054,111
9011,"New London County, Connecticut",274170,226256,14932,1499,12555,42
9013,"Tolland County, Connecticut",151539,136615,4158,195,6114,0
9015,"Windham County, Connecticut",117599,108317,2641,335,1407,0
10001,"Kent County, Delaware",167626,115221,40858,1316,3446,21
10003,"New Castle County, Delaware",546076,362012,130388,941,25166,105
10005,"Sussex County, Delaware",203390,162061,25704,611,2020,18
11001,"District of Columbia, District of Columbia",632323,250657,313224,2258,21858,54
12001,"Alachua County, Florida",251417,174971,49637,775,13072,254
12005,"Bay County, Florida",171903,141459,18286,1010,3220,103
12009,"Brevard County, Florida",547307,456906,55223,1146,12279,2519
12011,"Broward County, Florida",1815137,1141073,494269,3631,60120,1006
12015,"Charlotte County, Florida",162449,146769,7147,513,1815,150
12017,"Citrus County, Florida",139360,130723,4544,97,2041,0
12019,"Clay County, Florida",194345,159515,18890,907,6483,0
12021,"Collier County, Florida",332427,293849,21620,873,4612,0
12023,"Columbia County, Florida",67966,52491,12099,0,238,0
12031,"Duval County, Florida",879602,544673,252308,2467,37804,1058
12033,"Escambia County, Florida",302715,210267,64255,1232,9049,111
12035,"Flagler County, Florida",98359,77874,11999,0,2174,64
12053,"Hernando County, Florida",173422,154847,10043,745,1970,21
12055,"Highlands County, Florida",98128,84700,10230,124,1643,181
12057,"Hillsborough County, Florida",1277746,926709,212964,4097,44088,590
12061,"Indian River County, Florida",140567,120669,12825,0,1807,0
12069,"Lake County, Florida",303186,254060,30197,993,4525,267
12071,"Lee County, Florida",645293,546424,53174,1825,11307,10
12073,"Leon County, Florida",283769,176881,87409,666,9029,0
12081,"Manatee County, Florida",333895,285526,29102,1333,6246,0
12083,"Marion County, Florida",335125,273739,41038,1834,5348,75
12085,"Martin County, Florida",148817,125631,9185,380,1552,36
12086,"Miami-Dade County, Florida",2591035,1967074,487569,3196,41965,700
12087,"Monroe County, Florida",74809,66900,5523,405,211,0
12091,"Okaloosa County, Florida",190083,149635,17041,726,6432,242
12095,"Orange County, Florida",1202234,777502,256542,1874,57438,100
12097,"Osceola County, Florida",287416,215200,34793,978,8402,0
12099,"Palm Beach County, Florida",1356545,1026820,238611,1908,34302,1292
12101,"Pasco County, Florida",470391,416823,21525,2332,11046,896
12103,"Pinellas County, Florida",921319,766728,94889,3453,27890,512
12105,"Polk County, Florida",616158,486415,93201,1878,10458,213
12107,"Putnam County, Florida",73263,54911,12918,176,357,84
12109,"St. Johns County, Florida",202188,180648,10992,319,4099,0
12111,"St. Lucie County, Florida",283866,209876,54245,448,4714,228
12113,"Santa Rosa County, Florida",158512,136554,9022,628,3101,164
12115,"Sarasota County, Florida",386147,351285,18637,1542,5881,187
12117,"Seminole County, Florida",430838,348662,48809,1422,18345,58
12119,"Sumter County, Florida",101620,90603,9347,306,459,30
12127,"Volusia County, Florida",496950,413626,53464,1789,8185,363
13013,"Barrow County, Georgia",70169,55931,8124,70,2128,0
13015,"Bartow County, Georgia",100661,82821,11713,224,249,0
13021,"Bibb County, Georgia",156462,67624,83051,87,2700,144
13031,"Bulloch County, Georgia",72694,47929,20645,101,1088,0
13045,"Carroll County, Georgia",111580,86577,18484,1490,1043,0
13051,"Chatham County, Georgia",276434,150995,110894,662,7171,212
13057,"Cherokee County, Georgia",221315,192878,14267,288,3463,63
13059,"Clarke County, Georgia",120266,79341,32428,366,5031,0
13063,"Clayton County, Georgia",265888,59452,174489,222,13256,0
13067,"Cobb County, Georgia",707442,448597,182264,364,33038,104
13073,"Columbia County, Georgia",131627,99295,22635,201,5656,0
13077,"Coweta County, Georgia",130929,100037,24862,0,2072,0
13089,"DeKalb County, Georgia",707089,245500,383076,1538,37036,0
13095,"Dougherty County, Georgia",94501,27309,64105,22,904,0
13097,"Douglas County, Georgia",133971,71371,54809,0,2058,0
13113,"Fayette County, Georgia",107524,77247,22745,74,4999,48
13115,"Floyd County, Georgia",96177,71180,14227,515,924,0
13117,"Forsyth County, Georgia",187928,160017,5749,241,13717,0
13121,"Fulton County, Georgia",977773,446956,432400,3274,56022,308
13127,"Glynn County, Georgia",81022,52950,20048,223,1052,321
13135,"Gwinnett County, Georgia",842046,439456,207315,3767,92037,347
13139,"Hall County, Georgia",185416,147866,13686,639,3374,0
13151,"Henry County, Georgia",209053,112223,76872,0,6934,95
13153,"Houston County, Georgia",146136,90372,42604,250,3520,238
13179,"Liberty County, Georgia",65471,30168,27546,192,1258,300
13185,"Lowndes County, Georgia",114552,64422,42190,213,2143,0
13215,"Muscogee County, Georgia",198413,92326,89055,564,4368,178
13217,"Newton County, Georgia",101505,54950,42374,930,1228,0
13223,"Paulding County, Georgia",144800,115400,25639,325,882,0
13245,"Richmond County, Georgia",202587,79964,110681,944,3419,0
13247,"Rockdale County, Georgia",85820,40372,40428,47,1792,0
13285,"Troup County, Georgia",68468,41768,22652,289,1017,0
13295,"Walker County, Georgia",68094,62782,2283,388,391,0
13297,"Walton County, Georgia",84575,67007,12678,190,1121,114
13313,"Whitfield County, Georgia",103359,93247,4649,56,153,0
15001,"Hawaii County, Hawaii",189191,60619,927,656,43532,25303
15003,"Honolulu County, Hawaii",976372,208104,23910,2141,421200,95009
15007,"Kauai County, Hawaii",68434,23047,251,179,24325,6929
15009,"Maui County, Hawaii",158226,55433,525,177,42588,18154
16001,"Ada County, Idaho",409061,375662,4393,2512,10266,569
16005,"Bannock County, Idaho",83800,75901,473,2763,1040,0
16019,"Bonneville County, Idaho",106684,96491,556,463,999,101
16027,"Canyon County, Idaho",193888,175404,920,1173,1868,8
16055,"Kootenai County, Idaho",142357,133941,207,2040,1586,45
16083,"Twin Falls County, Idaho",78595,71989,148,702,1033,22
17001,"Adams County, Illinois",67197,62457,2480,134,225,0
17019,"Champaign County, Illinois",203276,151208,24853,326,19699,0
17031,"Cook County, Illinois",5231351,2989006,1266999,12827,341377,2051
17037,"DeKalb County, Illinois",104704,86536,6898,41,2302,0
17043,"DuPage County, Illinois",927987,745463,43972,1361,95618,739
17089,"Kane County, Illinois",522487,383880,28377,2413,18486,220
17091,"Kankakee County, Illinois",113040,91702,16587,198,1355,0
17093,"Kendall County, Illinois",118105,94602,7766,0,3283,0
17097,"Lake County, Illinois",702120,572072,50271,1322,44814,412
17099,"LaSalle County, Illinois",112973,107006,3085,139,270,0
17111,"McHenry County, Illinois",308145,285385,4098,368,8137,0
17113,"McLean County, Illinois",172281,145652,13229,77,7827,0
17115,"Macon County, Illinois",110122,87098,17149,41,1445,0
17119,"Madison County, Illinois",267883,236891,19086,527,2950,0
17143,"Peoria County, Illinois",187254,140513,32530,785,6427,0
17161,"Rock Island County, Illinois",147457,121607,13999,314,2773,0
17163,"St. Clair County, Illinois",268858,175055,81219,317,2997,38
17167,"Sangamon County, Illinois",199271,166253,24093,457,3137,113
17179,"Tazewell County, Illinois",135949,130476,1536,280,1134,76
17183,"Vermilion County, Illinois",80727,67195,10107,0,780,0
17197,"Will County, Illinois",682518,511538,75421,1742,33506,37
17199,"Williamson County, Illinois",66674,61748,3097,45,566,55
17201,"Winnebago County, Illinois",292069,226902,34782,311,7252,0
18003,"Allen County, Indiana",360412,286854,42883,1110,10379,1212
18005,"Bartholomew County, Indiana",79129,69301,1991,0,3785,98
18019,"Clark County, Indiana",111951,98778,8090,188,1174,0
18035,"Delaware County, Indiana",117364,104321,4305,278,1305,18
18039,"Elkhart County, Indiana",199619,171567,12090,174,2237,0
18043,"Floyd County, Indiana",75283,68115,3582,35,881,0
18053,"Grant County, Indiana",69330,62350,4805,113,321,0
18057,"Hamilton County, Indiana",289495,255016,10564,762,12341,117
18059,"Hancock County, Indiana",70933,66809,2483,381,462,0
18063,"Hendricks County, Indiana",150434,136196,8028,185,2836,0
18067,"Howard County, Indiana",82849,73548,6311,37,1043,236
18081,"Johnson County, Indiana",143191,134037,1745,52,2300,44
18085,"Kosciusko County, Indiana",77609,72663,483,389,873,0
18089,"Lake County, Indiana",493618,305312,123914,1606,6866,85
18091,"LaPorte County, Indiana",111246,95110,11766,329,571,0
18095,"Madison County, Indiana",130348,114622,10926,51,606,0
18097,"Marion County, Indiana",918977,573113,245692,3675,18393,162
18105,"Monroe County, Indiana",141019,122783,3982,639,9069,67
18127,"Porter County, Indiana",165682,152468,5721,167,2431,0
18141,"St. Joseph County, Indiana",266344,211479,34673,857,4835,53
18157,"Tippecanoe County, Indiana",177513,153343,8137,154,11270,79
18163,"Vanderburgh County, Indiana",180858,156858,15415,743,1835,26
18167,"Vigo County, Indiana",108428,95093,6767,289,2246,29
18177,"Wayne County, Indiana",68346,60943,3411,57,359,0
19013,"Black Hawk County, Iowa",131820,114622,11545,54,2226,0
19049,"Dallas County, Iowa",71967,65614,671,0,1947,52
19061,"Dubuque County, Iowa",95097,89267,1125,123,1178,1
19103,"Johnson County, Iowa",136317,115611,7389,83,8089,0
19113,"Linn County, Iowa",215295,195026,9303,545,4460,160
19153,"Polk County, Iowa",443710,378086,26125,1144,16053,347
19155,"Pottawattamie County, Iowa",92913,88995,1209,175,862,22
19163,"Scott County, Iowa",168799,146130,12375,464,3452,0
19169,"Story County, Iowa",91140,81106,2875,59,5190,0
19193,"Woodbury County, Iowa",102323,87917,2709,1518,2719,0
20015,"Butler County, Kansas",65827,62044,1209,649,433,0
20045,"Douglas County, Kansas",112864,96409,3925,2133,4562,87
20091,"Johnson County, Kansas",559913,487454,24455,2365,24564,243
20103,"Leavenworth County, Kansas",77739,65670,6210,1000,1340,542
20161,"Riley County, Kansas",75508,63544,5410,211,3224,141
20173,"Sedgwick County, Kansas",503889,403144,47284,4972,20917,24
20177,"Shawnee County, Kansas",178991,148936,13323,1997,1944,0
20209,"Wyandotte County, Kansas",159129,99443,39719,1378,4212,828
21015,"Boone County, Kentucky",123316,113987,3465,700,2936,0
21037,"Campbell County, Kentucky",90908,85808,2859,212,277,0
21047,"Christian County, Kentucky",75427,54175,15087,235,1281,350
21059,"Daviess County, Kentucky",97847,89730,4889,0,899,0
21067,"Fayette County, Kentucky",305489,235352,42816,511,10493,45
21093,"Hardin County, Kentucky",107025,85103,12752,307,2852,53
21111,"Jefferson County, Kentucky",750828,550574,156190,889,17957,208
21117,"Kenton County, Kentucky",161711,145403,7227,344,1446,0
21145,"McCracken County, Kentucky",65549,55902,7274,43,182,167
21151,"Madison County, Kentucky",84786,77431,4546,548,780,162
21195,"Pike County, Kentucky",64178,62653,387,0,442,0
21227,"Warren County, Kentucky",117110,95822,11122,43,3530,54
22005,"Ascension Parish, Louisiana",112286,83537,25320,96,1247,0
22015,"Bossier Parish, Louisiana",122197,88647,26068,775,1685,68
22017,"Caddo Parish, Louisiana",257093,124788,123105,892,3284,87
22019,"Calcasieu Parish, Louisiana",194493,139154,47276,874,2475,0
22033,"East Baton Rouge Parish, Louisiana",444526,216629,203030,723,12691,68
22045,"Iberia Parish, Louisiana",73999,46627,23494,40,1835,0
22051,"Jefferson Parish, Louisiana",433676,274780,116168,2311,16791,389
22055,"Lafayette Parish, Louisiana",227055,158644,55340,377,3131,13
22057,"Lafourche Parish, Louisiana",97029,78264,13254,1599,889,0
22063,"Livingston Parish, Louisiana",131942,119443,9022,332,0,0
22071,"Orleans Parish, Louisiana",369250,125220,220735,1235,10775,0
22073,"Ouachita Parish, Louisiana",155363,93842,58306,408,1459,53
22079,"Rapides Parish, Louisiana",132373,85322,42379,980,1832,215
22097,"St. Landry Parish, Louisiana",83662,47401,34106,0,370,0
22103,"St. Tammany Parish, Louisiana",239453,200623,28219,687,3940,0
22105,"Tangipahoa Parish, Louisiana",123441,82832,37404,701,920,0
22109,"Terrebonne Parish, Louisiana",111893,79422,20129,4570,1103,266
23001,"Androscoggin County, Maine",107609,99472,1723,205,385,0
23003,"Aroostook County, Maine",70868,67495,581,896,514,0
23005,"Cumberland County, Maine",283921,263555,6357,664,6294,0
23011,"Kennebec County, Maine",121853,116901,380,841,884,0
23019,"Penobscot County, Maine",153746,146859,1425,1846,1647,0
23031,"York County, Maine",199005,191810,1071,808,2318,31
24001,"Allegany County, Maryland",74012,65859,6471,144,705,61
24003,"Anne Arundel County, Maryland",550488,410195,84053,2321,19654,244
24005,"Baltimore County, Maryland",817455,526089,216169,1813,43985,527
24009,"Calvert County, Maryland",89628,73555,11670,0,679,0
24013,"Carroll County, Maryland",167217,155586,5567,270,2781,0
24015,"Cecil County, Maryland",101696,89663,7046,183,937,0
24017,"Charles County, Maryland",150592,75622,62131,1564,5435,0
24021,"Frederick County, Maryland",239582,195520,20327,942,7688,367
24025,"Harford County, Maryland",248622,200409,33402,389,6845,0
24027,"Howard County, Maryland",299430,182385,53957,498,43997,595
24031,"Montgomery County, Maryland",1004709,570325,171730,3378,143858,412
24033,"Prince George's County, Maryland",881138,179412,559417,2752,37020,177
24037,"St. Mary's County, Maryland",108987,86434,13967,204,2548,71
24043,"Washington County, Maryland",149180,125708,13802,255,2358,83
24045,"Wicomico County, Maryland",100647,68035,22452,174,2825,0
24510,"Baltimore city, Maryland",621342,187742,394998,1862,15757,46
25001,"Barnstable County, Massachusetts",215423,199932,4976,765,2912,34
25003,"Berkshire County, Massachusetts",130016,119899,3024,272,2058,0
25005,"Bristol County, Massachusetts",551082,488242,20182,1211,11314,0
25009,"Essex County, Massachusetts",755618,603897,33347,907,24110,134
25011,"Franklin County, Massachusetts",71540,67440,395,216,1089,0
25013,"Hampden County, Massachusetts",465923,365362,39992,1369,10136,0
25015,"Hampshire County, Massachusetts",159795,143516,4090,214,7088,309
25017,"Middlesex County, Massachusetts",1537215,1225992,74525,2040,153632,182
25021,"Norfolk County, Massachusetts",681845,555261,42803,652,63874,0
25023,"Plymouth County, Massachusetts",499759,427752,43892,975,6781,85
25025,"Suffolk County, Massachusetts",744426,416646,169579,2422,63030,0
25027,"Worcester County, Massachusetts",806163,685811,35800,2026,35063,156
26005,"Allegan County, Michigan",112039,105368,1450,588,975,0
26017,"Bay County, Michigan",106935,101403,1346,452,416,58
26021,"Berrien County, Michigan",156067,121192,23842,608,2492,36
26025,"Calhoun County, Michigan",135099,112473,14996,1022,2289,0
26037,"Clinton County, Michigan",76001,71480,1219,85,724,0
26045,"Eaton County, Michigan",108008,95528,6075,210,1413,0
26049,"Genesee County, Michigan",418408,312523,87559,2375,3500,0
26055,"Grand Traverse County, Michigan",89112,83945,970,1384,704,0
26065,"Ingham County, Michigan",281723,216270,32054,1249,14758,140
26073,"Isabella County, Michigan",70617,62470,1396,1846,1157,0
26075,"Jackson County, Michigan",160309,140079,13842,1118,796,399
26077,"Kalamazoo County, Michigan",254580,207744,28050,1038,6257,74
26081,"Kent County, Michigan",614462,507622,59047,2818,13705,0
26087,"Lapeer County, Michigan",88173,84654,1055,123,146,0
26091,"Lenawee County, Michigan",98987,92240,2399,696,321,0
26093,"Livingston County, Michigan",182838,176763,725,624,1503,37
26099,"Macomb County, Michigan",847383,712168,81961,1721,27094,0
26103,"Marquette County, Michigan",67906,63510,842,1325,359,0
26111,"Midland County, Michigan",83822,78993,1147,581,1984,0
26115,"Monroe County, Michigan",151048,143721,3716,758,1105,0
26121,"Muskegon County, Michigan",170182,137814,23337,1322,956,261
26125,"Oakland County, Michigan",1220657,935708,167672,3736,71642,22
26139,"Ottawa County, Michigan",269099,246013,3657,2024,6897,15
26145,"Saginaw County, Michigan",198353,149776,36799,576,2157,282
26147,"St. Clair County, Michigan",160644,150393,3981,271,1113,0
26155,"Shiawassee County, Michigan",69232,67115,548,361,421,0
26159,"Van Buren County, Michigan",75454,67075,3276,582,511,0
26161,"Washtenaw County, Michigan",350946,260646,43301,332,28918,0
26163,"Wayne County, Michigan",1792365,954763,715882,6265,46177,260
27003,"Anoka County, Minnesota",336414,291207,15821,2254,13469,66
27013,"Blue Earth County, Minnesota",65091,60014,1951,157,1434,0
27019,"Carver County, Minnesota",93707,87025,650,10,2476,96
27037,"Dakota County, Minnesota",405088,342631,21557,1453,18177,0
27053,"Hennepin County, Minnesota",1184576,890394,142910,8168,77478,372
27109,"Olmsted County, Minnesota",147066,126589,7144,128,8902,0
27123,"Ramsey County, Minnesota",520152,369065,56360,2145,65551,89
27137,"St. Louis County, Minnesota",200319,185939,2860,4062,1421,68
27139,"Scott County, Minnesota",135152,115229,3153,642,7990,46
27141,"Sherburne County, Minnesota",89455,84701,1768,334,624,0
27145,"Stearns County, Minnesota",151606,138937,5093,541,2372,0
27163,"Washington County, Minnesota",244088,213936,9179,740,12542,0
27171,"Wright County, Minnesota",127336,119867,1677,426,216,0
28033,"DeSoto County, Mississippi",166234,120601,38122,205,2060,66
28035,"Forrest County, Mississippi",76894,45829,28276,32,725,0
28047,"Harrison County, Mississippi",194029,136977,45752,472,4608,0
28049,"Hinds County, Mississippi",248643,68367,173584,129,2126,72
28059,"Jackson County, Mississippi",140298,100840,29068,353,3036,0
28081,"Lee County, Mississippi",85042,58005,24878,193,158,0
28089,"Madison County, Mississippi",98468,57336,37493,514,2258,0
28121,"Rankin County, Mississippi",145165,113334,28017,288,1887,33
29019,"Boone County, Missouri",168535,140236,10695,618,6645,0
29021,"Buchanan County, Missouri",89706,80273,3274,168,1110,299
29031,"Cape Girardeau County, Missouri",76950,68305,5626,166,928,0
29037,"Cass County, Missouri",100376,91468,2954,350,520,218
29047,"Clay County, Missouri",227577,196896,12620,1255,4396,0
29051,"Cole County, Missouri",76363,64349,8701,358,973,72
29077,"Greene County, Missouri",280626,256930,8023,1876,5323,1098
29095,"Jackson County, Missouri",677377,451236,162766,4446,11476,1154
29097,"Jasper County, Missouri",115258,105712,2821,1871,588,303
29099,"Jefferson County, Missouri",220209,211235,1540,305,1178,29
29165,"Platte County, Missouri",92054,81510,5621,304,2069,39
29183,"St. Charles County, Missouri",368666,334113,17307,723,8837,0
29189,"St. Louis County, Missouri",1000438,697754,233048,1168,36571,14
29510,"St. Louis city, Missouri",318172,143417,152068,900,9220,0
30013,"Cascade County, Montana",81723,72461,786,3477,565,0
30029,"Flathead County, Montana",91633,86957,323,1651,605,0
30031,"Gallatin County, Montana",92614,88111,496,759,795,56
30063,"Missoula County, Montana",110977,102476,59,2086,1131,765
30111,"Yellowstone County, Montana",151882,136498,604,7047,1295,0
31055,"Douglas County, Nebraska",531265,412716,61064,3066,16011,79
31109,"Lancaster County, Nebraska",293407,259118,10368,2534,10461,201
31153,"Sarpy County, Nebraska",165853,147003,7190,650,3191,894
32003,"Clark County, Nevada",2000759,1289594,213514,12789,179332,13868
32031,"Washoe County, Nevada",429908,350596,9754,7395,23501,2785
33009,"Grafton County, New Hampshire",89181,83562,384,464,2885,0
33011,"Hillsborough County, New Hampshire",402922,367528,8610,781,13924,54
33013,"Merrimack County, New Hampshire",146761,139968,2059,178,2134,61
33015,"Rockingham County, New Hampshire",297820,284526,2599,214,5955,0
33017,"Strafford County, New Hampshire",124119,116189,1388,151,2608,0
34001,"Atlantic County, New Jersey",275422,183122,44567,496,22059,62
34003,"Bergen County, New Jersey",918888,655469,50478,2101,137980,132
34005,"Burlington County, New Jersey",451336,329194,70525,1260,21192,153
34007,"Camden County, New Jersey",513539,326496,102432,1269,27563,0
34009,"Cape May County, New Jersey",96304,87415,3259,611,1008,0
34011,"Cumberland County, New Jersey",157785,95239,32005,925,2133,0
34013,"Essex County, New Jersey",787744,325625,313745,2536,38415,432
34015,"Gloucester County, New Jersey",289586,238170,29717,482,8226,130
34017,"Hudson County, New Jersey",652302,363477,86669,3161,93136,193
34019,"Hunterdon County, New Jersey",127050,116247,3174,102,3356,1293
34021,"Mercer County, New Jersey",368303,234654,73229,682,35129,0
34023,"Middlesex County, New Jersey",823041,512824,79153,1304,187914,0
34025,"Monmouth County, New Jersey",629384,522271,48363,1502,31871,58
34027,"Morris County, New Jersey",497999,406693,15706,608,48291,0
34029,"Ocean County, New Jersey",580470,534638,18690,1825,10459,0
34031,"Passaic County, New Jersey",502885,346489,69539,1654,24590,0
34033,"Salem County, New Jersey",65774,51094,9411,0,718,0
34035,"Somerset County, New Jersey",327707,226376,29335,265,50289,63
34037,"Sussex County, New Jersey",147442,137187,3361,144,2652,90
34039,"Union County, New Jersey",543976,323137,120120,451,25460,0
34041,"Warren County, New Jersey",107653,95858,4210,196,2735,0
35001,"Bernalillo County, New Mexico",673460,461846,19864,31065,14832,687
35005,"Chaves County, New Mexico",65784,49512,1541,472,93,30
35013,"Doña Ana County, New Mexico",214445,191507,3597,2787,2602,0
35025,"Lea County, New Mexico",66338,58862,1823,580,352,0
35031,"McKinley County, New Mexico",73016,12978,243,54030,365,105
35035,"Otero County, New Mexico",66041,49269,2471,4732,989,0
35043,"Sandoval County, New Mexico",135588,101408,3281,16001,1790,55
35045,"San Juan County, New Mexico",128529,65359,867,49702,597,61
35049,"Santa Fe County, New Mexico",146375,125074,1346,4030,1486,0
35061,"Valencia County, New Mexico",76631,52925,1095,2683,579,0
36001,"Albany County, New York",305455,237388,39841,524,14886,250
36005,"Bronx County, New York",1408473,297215,467248,7496,51693,155
36007,"Broome County, New York",198060,173806,9993,451,7242,182
36009,"Cattaraugus County, New York",79458,73281,1096,2260,632,0
36011,"Cayuga County, New York",79552,73697,3357,422,392,0
36013,"Chautauqua County, New York",133539,124004,3225,682,845,461
36015,"Chemung County, New York",88911,78474,5365,133,1320,0
36019,"Clinton County, New York",81654,75258,3689,439,955,0
36027,"Dutchess County, New York",297322,236686,28837,1869,11899,0
36029,"Erie County, New York",919086,727304,122531,4172,26485,173
36045,"Jefferson County, New York",120262,104723,7293,243,1474,192
36047,"Kings County, New York",2565635,1127824,876142,7201,281935,788
36051,"Livingston County, New York",64810,60343,1895,88,623,0
36053,"Madison County, New York",72382,68849,1163,550,599,0
36055,"Monroe County, New York",747813,570460,113911,2376,25395,153
36059,"Nassau County, New York",1349233,961151,153537,2590,107641,105
36061,"New York County, New York",1619090,921683,248940,4674,183558,1558
36063,"Niagara County, New York",215124,189962,14419,2253,2691,1372
36065,"Oneida County, New York",233556,202528,12459,635,8109,0
36067,"Onondaga County, New York",466852,377620,51510,3249,14366,105
36069,"Ontario County, New York",108519,101944,2588,345,1192,0
36071,"Orange County, New York",374512,288041,36760,1774,10529,0
36075,"Oswego County, New York",121700,116161,828,503,720,0
36079,"Putnam County, New York",99607,90791,2543,1614,2215,0
36081,"Queens County, New York",2272771,950439,416056,10394,537835,960
36083,"Rensselaer County, New York",159835,140106,8507,166,3740,0
36085,"Richmond County, New York",470728,349970,50136,465,36428,87
36087,"Rockland County, New York",317757,228658,38865,436,19537,0
36089,"St. Lawrence County, New York",112232,104739,3021,929,1081,23
36091,"Saratoga County, New York",222133,209125,3194,75,4572,0
36093,"Schenectady County, New York",155124,122675,14270,236,5705,0
36101,"Steuben County, New York",99063,94449,1357,151,1475,0
36103,"Suffolk County, New York",1499273,1235029,110006,3456,54644,153
36105,"Sullivan County, New York",76793,62473,7165,182,997,0
36109,"Tompkins County, New York",102554,85290,3677,214,10263,0
36111,"Ulster County, New York",181791,158217,10282,444,2824,6
36113,"Warren County, New York",65538,62799,697,38,609,146
36117,"Wayne County, New York",92962,87130,3256,249,752,0
36119,"Westchester County, New York",961670,639386,137413,3988,52324,263
37001,"Alamance County, North Carolina",153920,109666,27144,524,2116,589
37019,"Brunswick County, North Carolina",112257,93714,12158,351,650,632
37021,"Buncombe County, North Carolina",244490,217031,15320,687,2313,0
37023,"Burke County, North Carolina",90505,76478,6130,294,3326,0
37025,"Cabarrus County, North Carolina",184498,144796,29883,213,4504,0
37031,"Carteret County, North Carolina",67632,59494,4581,586,605,0
37035,"Catawba County, North Carolina",154339,128226,13463,412,5838,0
37037,"Chatham County, North Carolina",65976,53169,8864,176,910,0
37045,"Cleveland County, North Carolina",97474,75063,20227,44,900,0
37049,"Craven County, North Carolina",104770,73838,22723,187,2855,384
37051,"Cumberland County, North Carolina",324049,166655,118744,4828,7652,297
37057,"Davidson County, North Carolina",163260,143345,14853,805,1798,0
37063,"Durham County, North Carolina",279641,145563,104093,1614,12749,388
37067,"Forsyth County, North Carolina",358137,243690,94062,489,6965,0
37071,"Gaston County, North Carolina",208049,160951,30345,794,2723,0
37081,"Guilford County, North Carolina",500879,285306,168236,2534,21645,65
37085,"Harnett County, North Carolina",122135,84266,25981,1256,1571,19
37089,"Henderson County, North Carolina",108266,100483,3138,260,1355,0
37097,"Iredell County, North Carolina",162708,133727,20036,1146,3432,26
37101,"Johnston County, North Carolina",174938,139428,26034,609,879,0
37109,"Lincoln County, North Carolina",79313,70008,4404,62,412,0
37119,"Mecklenburg County, North Carolina",969031,558414,297899,4487,47901,980
37127,"Nash County, North Carolina",95708,51760,36667,533,11,0
37129,"New Hanover County, North Carolina",209234,170098,30072,257,3106,48
37133,"Onslow County, North Carolina",183263,135005,31575,791,3266,208
37135,"Orange County, North Carolina",137941,105985,14712,902,9263,77
37147,"Pitt County, North Carolina",172554,103714,59606,393,2952,0
37151,"Randolph County, North Carolina",142466,128552,7310,550,1629,0
37155,"Robeson County, North Carolina",135496,41117,33014,51329,1102,231
37157,"Rockingham County, North Carolina",92720,69823,17419,348,681,78
37159,"Rowan County, North Carolina",138180,109439,21587,108,1600,0
37171,"Surry County, North Carolina",73561,67993,3551,49,122,0
37179,"Union County, North Carolina",208520,170436,24407,475,4108,0
37183,"Wake County, North Carolina",952151,651379,201082,3508,52879,241
37191,"Wayne County, North Carolina",124246,69998,39275,108,1462,0
37193,"Wilkes County, North Carolina",69306,62798,3676,52,119,0
37195,"Wilson County, North Carolina",81867,41955,31477,305,450,355
38015,"Burleigh County, North Dakota",85774,79758,565,3526,636,52
38017,"Cass County, North Dakota",156157,141946,4080,1893,3652,19
38035,"Grand Forks County, North Dakota",67472,61151,1335,1710,1322,20
39003,"Allen County, Ohio",105141,88627,12942,205,918,0
39007,"Ashtabula County, Ohio",100389,93666,3521,175,157,0
39013,"Belmont County, Ohio",69671,65267,2320,214,167,0
39017,"Butler County, Ohio",370589,318910,28323,713,9101,0
39023,"Clark County, Ohio",137206,118198,11502,480,1091,53
39025,"Clermont County, Ohio",199085,190461,2368,506,1996,72
39029,"Columbiana County, Ohio",106507,101650,2548,201,209,0
39035,"Cuyahoga County, Ohio",1265111,807422,380906,2669,33357,216
39041,"Delaware County, Ohio",181061,161590,6682,117,7828,0
39043,"Erie County, Ohio",76398,66552,5576,631,428,511
39045,"Fairfield County, Ohio",147474,132620,8244,187,1295,0
39049,"Franklin County, Ohio",1195537,827783,255128,2597,50042,571
39057,"Greene County, Ohio",163587,141093,12382,238,4240,0
39061,"Hamilton County, Ohio",802038,554110,206990,1787,17141,64
39063,"Hancock County, Ohio",75671,71246,1214,53,1455,0
39085,"Lake County, Ohio",229582,213220,8780,206,3006,93
39089,"Licking County, Ohio",167537,156030,5225,146,1749,0
39093,"Lorain County, Ohio",301478,259255,25718,498,2708,538
39095,"Lucas County, Ohio",437998,321504,84787,1365,7234,0
39099,"Mahoning County, Ohio",235145,188790,36821,854,1382,183
39103,"Medina County, Ohio",173684,166543,3219,500,1796,0
39109,"Miami County, Ohio",103060,97097,2302,76,832,0
39113,"Montgomery County, Ohio",534325,395281,110882,443,10639,153
39133,"Portage County, Ohio",161451,148144,6440,17,2762,0
39139,"Richland County, Ohio",122673,106756,9315,437,659,0
39141,"Ross County, Ohio",77429,70032,3095,175,368,23
39151,"Stark County, Ohio",374868,333169,23989,748,2564,155
39153,"Summit County, Ohio",540811,435352,76037,857,12033,246
39155,"Trumbull County, Ohio",207406,184683,17556,265,333,44
39165,"Warren County, Ohio",217241,196394,7865,203,9164,101
39169,"Wayne County, Ohio",114848,108850,1752,190,1049,0
39173,"Wood County, Ohio",128200,116926,3204,154,2286,83
40017,"Canadian County, Oklahoma",122560,100155,2453,4461,3570,39
40027,"Cleveland County, Oklahoma",265638,212265,11803,10737,10697,71
40031,"Comanche County, Oklahoma",126390,81694,21084,7379,2521,650
40037,"Creek County, Oklahoma",70651,56491,1794,7190,283,0
40101,"Muskogee County, Oklahoma",70596,43501,7787,11677,261,27
40109,"Oklahoma County, Oklahoma",741781,511965,109281,22037,23604,424
40119,"Payne County, Oklahoma",78399,62770,2707,2820,2883,67
40125,"Pottawatomie County, Oklahoma",70760,53416,1761,7670,387,0
40131,"Rogers County, Oklahoma",88367,66260,770,11439,944,16
40143,"Tulsa County, Oklahoma",613816,442920,61422,28458,15513,622
40145,"Wagoner County, Oklahoma",75030,57297,2815,6402,1205,0
41003,"Benton County, Oregon",86430,75190,665,765,4285,1254
41005,"Clackamas County, Oregon",383857,343736,2246,2494,14707,1048
41017,"Deschutes County, Oregon",162277,152080,76,741,1389,509
41019,"Douglas County, Oregon",107164,99608,73,1339,846,20
41029,"Jackson County, Oregon",206412,188235,1414,1435,1829,546
41033,"Josephine County, Oregon",82930,77811,422,1477,750,0
41035,"Klamath County, Oregon",65912,58026,502,2530,1272,150
41039,"Lane County, Oregon",354542,312666,3204,3699,10479,837
41043,"Linn County, Oregon",118360,109897,699,2311,1473,0
41047,"Marion County, Oregon",319985,259513,3380,4973,6523,2447
41051,"Multnomah County, Oregon",759256,600586,43152,5900,50906,5353
41053,"Polk County, Oregon",76353,64884,78,766,1719,677
41059,"Umatilla County, Oregon",76820,63771,592,2070,405,89
41067,"Washington County, Oregon",547672,419256,9653,4499,48432,2401
41071,"Yamhill County, Oregon",100255,90285,569,1826,707,295
42001,"Adams County, Pennsylvania",101482,93732,1139,48,721,0
42003,"Allegheny County, Pennsylvania",1229338,997613,159836,1694,36577,238
42007,"Beaver County, Pennsylvania",170245,154812,10766,16,1094,0
42011,"Berks County, Pennsylvania",413491,355172,21166,1450,5881,206
42013,"Blair County, Pennsylvania",127121,122217,1588,120,1000,0
42017,"Bucks County, Pennsylvania",627053,560904,23637,215,26478,1
42019,"Butler County, Pennsylvania",184970,178451,2181,152,1485,0
42021,"Cambria County, Pennsylvania",141584,132895,4190,262,724,188
42027,"Centre County, Pennsylvania",155171,137936,4950,588,7878,26
42029,"Chester County, Pennsylvania",506575,439939,29531,226,20696,307
42033,"Clearfield County, Pennsylvania",81184,77287,1541,134,377,0
42039,"Crawford County, Pennsylvania",87598,84032,1411,105,516,33
42041,"Cumberland County, Pennsylvania",238614,214171,7797,214,7802,42
42043,"Dauphin County, Pennsylvania",269665,195620,49354,785,8878,0
42045,"Delaware County, Pennsylvania",561098,402719,115339,781,28228,166
42049,"Erie County, Pennsylvania",280646,245770,19998,955,3350,19
42051,"Fayette County, Pennsylvania",135660,126083,6782,26,26,44
42055,"Franklin County, Pennsylvania",151275,140927,5954,174,1444,0
42063,"Indiana County, Pennsylvania",88218,83344,2180,28,887,148
42069,"Lackawanna County, Pennsylvania",214477,200007,6501,449,4007,30
42071,"Lancaster County, Pennsylvania",526823,466457,19374,651,10917,0
42073,"Lawrence County, Pennsylvania",89871,84227,3992,0,375,0
42075,"Lebanon County, Pennsylvania",135251,119399,2464,276,1884,0
42077,"Lehigh County, Pennsylvania",355245,284205,22856,658,11498,0
42079,"Luzerne County, Pennsylvania",321027,290631,11695,633,3407,0
42081,"Lycoming County, Pennsylvania",117168,107783,5164,241,968,0
42085,"Mercer County, Pennsylvania",115655,105881,7015,109,731,0
42089,"Monroe County, Pennsylvania",168798,134373,21821,192,3385,235
42091,"Montgomery County, Pennsylvania",808460,660078,70623,1302,53462,64
42095,"Northampton County, Pennsylvania",299267,259233,15308,383,7795,0
42097,"Northumberland County, Pennsylvania",94428,89254,3198,157,320,61
42101,"Philadelphia County, Pennsylvania",1547607,637549,667585,5680,99319,5151
42107,"Schuylkill County, Pennsylvania",147063,139224,3797,73,894,0
42111,"Somerset County, Pennsylvania",76957,73818,2072,151,61,0
42125,"Washington County, Pennsylvania",208716,196349,5538,0,1307,0
42129,"Westmoreland County, Pennsylvania",363395,345272,9732,137,3501,0
42133,"York County, Pennsylvania",437846,390175,25881,380,5632,28
44003,"Kent County, Rhode Island",164843,153205,2036,221,4221,0
44005,"Newport County, Rhode Island",82036,74490,2127,20,1478,55
44007,"Providence County, Rhode Island",628323,465751,61234,3428,24787,146
44009,"Washington County, Rhode Island",125946,117376,2199,1140,2470,0
45003,"Aiken County, South Carolina",162812,113060,40124,572,1148,0
45007,"Anderson County, South Carolina",189355,151523,31950,397,1547,0
45013,"Beaufort County, South Carolina",168049,121243,31805,279,1850,0
45015,"Berkeley County, South Carolina",189781,127792,47432,1449,4316,103
45019,"Charleston County, South Carolina",365162,244218,104574,706,4757,192
45035,"Dorchester County, South Carolina",142496,97943,35214,1351,2393,53
45041,"Florence County, South Carolina",137948,75233,57188,76,1748,0
45045,"Greenville County, South Carolina",467605,358613,85780,1341,9939,389
45051,"Horry County, South Carolina",282285,228619,38279,1127,3220,123
45059,"Laurens County, South Carolina",66223,47954,15922,0,225,0
45063,"Lexington County, South Carolina",270406,216423,38312,680,4081,63
45073,"Oconee County, South Carolina",74627,66140,6236,155,304,0
45075,"Orangeburg County, South Carolina",91476,31838,56989,139,887,0
45077,"Pickens County, South Carolina",119670,105468,8200,538,2339,0
45079,"Richland County, South Carolina",393830,182639,182474,543,9314,158
45083,"Spartanburg County, South Carolina",288745,207181,58827,506,6229,248
45085,"Sumter County, South Carolina",108052,51022,48602,90,1479,0
45091,"York County, South Carolina",234635,177793,42894,1624,2881,42
46099,"Minnehaha County, South Dakota",175037,151884,7481,5105,3292,0
46103,"Pennington County, South Dakota",104347,87602,1135,7838,1286,290
47001,"Anderson County, Tennessee",75416,69527,2362,300,993,0
47009,"Blount County, Tennessee",124177,116904,3858,407,1095,0
47011,"Bradley County, Tennessee",101134,93332,4900,168,443,0
47037,"Davidson County, Tennessee",648295,399025,181582,1151,21309,82
47065,"Hamilton County, Tennessee",345545,259485,69736,405,7060,85
47093,"Knox County, Tennessee",441311,378701,40793,1035,8008,195
47119,"Maury County, Tennessee",81990,68802,9705,132,522,0
47125,"Montgomery County, Tennessee",184468,132458,34769,1004,3652,901
47147,"Robertson County, Tennessee",66931,58731,5582,134,90,0
47149,"Rutherford County, Tennessee",274454,221599,35323,2284,7527,363
47155,"Sevier County, Tennessee",92512,88692,719,105,1164,61
47157,"Shelby County, Tennessee",940764,385327,491279,3159,23073,406
47163,"Sullivan County, Tennessee",156786,148531,2693,454,776,0
47165,"Sumner County, Tennessee",166123,146926,11430,419,1682,110
47179,"Washington County, Tennessee",125094,115835,4468,263,1697,89
47187,"Williamson County, Tennessee",192911,171429,8640,191,5806,0
47189,"Wilson County, Tennessee",118961,106484,8211,385,1289,0
48005,"Angelina County, Texas",87597,68343,13680,1272,272,0
48021,"Bastrop County, Texas",74763,64145,6160,755,317,0
48027,"Bell County, Texas",323037,211335,71911,1438,8404,2471
48029,"Bexar County, Texas",1785704,1323732,133225,13561,45161,2689
48037,"Bowie County, Texas",93148,64887,22009,487,805,0
48039,"Brazoria County, Texas",324769,237588,41436,668,18397,0
48041,"Brazos County, Texas",200665,146398,22442,936,11472,78
48061,"Cameron County, Texas",415557,369977,3036,333,2964,29
48085,"Collin County, Texas",834642,612519,75659,3852,98336,204
48091,"Comal County, Texas",114384,106274,2584,694,1078,36
48099,"Coryell County, Texas",77231,53790,11271,935,1590,598
48113,"Dallas County, Texas",2453843,1447684,547086,9210,131341,1919
48121,"Denton County, Texas",707304,552477,60333,3094,49179,413
48135,"Ector County, Texas",144325,125798,6403,798,1264,149
48139,"Ellis County, Texas",153969,124699,14357,719,988,0
48141,"El Paso County, Texas",827398,684421,28392,5189,9021,1156
48157,"Fort Bend County, Texas",627293,328337,130427,1375,110167,126
48167,"Galveston County, Texas",300484,234545,41053,797,9536,0
48181,"Grayson County, Texas",121935,104364,7776,1115,1038,137
48183,"Gregg County, Texas",122658,91500,23611,502,1561,751
48187,"Guadalupe County, Texas",139841,118415,8270,789,2428,0
48201,"Harris County, Texas",4253700,2707771,802756,19171,271154,3336
48203,"Harrison County, Texas",67450,48871,15444,0,453,0
48209,"Hays County, Texas",168990,145724,5406,528,1794,0
48215,"Hidalgo County, Texas",806552,744374,5416,4714,8531,25
48231,"Hunt County, Texas",87079,70087,7475,1052,1083,0
48245,"Jefferson County, Texas",251813,147792,82751,950,9398,112
48251,"Johnson County, Texas",153441,142505,3926,538,1291,603
48257,"Kaufman County, Texas",106753,88684,10141,575,842,0
48291,"Liberty County, Texas",76571,61418,9080,253,476,0
48303,"Lubbock County, Texas",285760,227755,20653,710,5640,525
48309,"McLennan County, Texas",238707,182970,34688,1070,3954,33
48329,"Midland County, Texas",146645,124033,9960,604,2184,0
48339,"Montgomery County, Texas",485047,421045,19659,2079,11681,487
48347,"Nacogdoches County, Texas",66034,48131,12830,266,1040,0
48355,"Nueces County, Texas",347691,294256,14696,1858,6079,376
48361,"Orange County, Texas",82977,72584,7358,683,773,46
48367,"Parker County, Texas",119712,113017,1734,1838,975,0
48375,"Potter County, Texas",122335,95074,11374,1046,5003,525
48381,"Randall County, Texas",125082,113841,2640,683,2200,279
48397,"Rockwall County, Texas",83021,72182,4085,275,1934,191
48409,"San Patricio County, Texas",65600,59801,2291,1071,181,0
48423,"Smith County, Texas",214821,164384,39126,542,2931,51
48439,"Tarrant County, Texas",1880153,1357533,288666,8032,90156,2697
48441,"Taylor County, Texas",133473,110153,10109,427,2424,0
48451,"Tom Green County, Texas",113281,99826,5500,778,1459,0
48453,"Travis County, Texas",1095584,850287,92124,6192,63593,776
48469,"Victoria County, Texas",89269,73439,6053,362,1173,0
48479,"Webb County, Texas",259172,244094,329,570,2120,94
48485,"Wichita County, Texas",131559,108039,13165,903,2278,48
48491,"Williamson County, Texas",456232,381818,29664,1154,23943,0
49005,"Cache County, Utah",115520,106800,382,430,3324,35
49011,"Davis County, Utah",315809,284847,3695,2087,6968,1880
49035,"Salt Lake County, Utah",1063842,886681,18785,8916,38136,16304
49049,"Utah County, Utah",540504,498321,2750,2620,7219,4571
49053,"Washington County, Utah",144809,134580,833,1361,964,725
49057,"Weber County, Utah",236640,202717,3335,1923,2854,403
50007,"Chittenden County, Vermont",158504,145912,3938,592,4690,0
51003,"Albemarle County, Virginia",102251,82845,9409,638,4087,0
51013,"Arlington County, Virginia",221045,160578,19583,450,22006,293
51015,"Augusta County, Virginia",73658,68428,3589,0,402,0
51041,"Chesterfield County, Virginia",323856,224250,72897,1065,10810,0
51059,"Fairfax County, Virginia",1118602,702286,100754,2070,200927,468
51061,"Fauquier County, Virginia",66542,58539,4865,0,919,0
51069,"Frederick County, Virginia",80317,72497,3580,78,1277,0
51085,"Hanover County, Virginia",100668,87316,8654,269,1259,0
51087,"Henrico County, Virginia",314932,183692,95335,915,20734,189
51095,"James City County, Virginia",68967,55559,9067,573,2083,0
51107,"Loudoun County, Virginia",336898,223852,24977,830,53948,372
51121,"Montgomery County, Virginia",95194,83294,3698,0,5827,60
51153,"Prince William County, Virginia",430289,273388,86032,847,33154,260
51165,"Rockingham County, Virginia",77391,73043,1360,442,418,0
51177,"Spotsylvania County, Virginia",125684,93190,19261,569,2817,779
51179,"Stafford County, Virginia",134352,93950,22690,854,3149,379
51199,"York County, Virginia",66146,51091,9604,100,3415,38
51510,"Alexandria city, Virginia",146294,94618,32065,227,9688,0
51550,"Chesapeake city, Virginia",228417,143877,67827,681,7209,103
51650,"Hampton city, Virginia",136836,58445,69705,652,3862,0
51680,"Lynchburg city, Virginia",77113,49237,21565,246,1732,0
51700,"Newport News city, Virginia",180726,91747,71199,775,5015,209
51710,"Norfolk city, Virginia",245782,117707,104236,995,6662,492
51740,"Portsmouth city, Virginia",96470,39785,51722,176,946,93
51760,"Richmond city, Virginia",210309,91110,103831,1123,3887,72
51770,"Roanoke city, Virginia",97469,62594,26434,792,2104,68
51800,"Suffolk city, Virginia",85181,44969,35709,105,1414,0
51810,"Virginia Beach city, Virginia",447021,303805,86078,976,28845,347
53005,"Benton County, Washington",182398,151665,2940,1253,4644,324
53007,"Chelan County, Washington",73687,66610,471,1180,684,45
53009,"Clallam County, Washington",71863,63079,313,3830,1375,26
53011,"Clark County, Washington",438287,371097,8642,2898,19723,3475
53015,"Cowlitz County, Washington",101996,91985,952,1102,1050,406
53021,"Franklin County, Washington",85845,52133,1140,353,2503,75
53025,"Grant County, Washington",91723,64080,425,1883,1061,61
53027,"Grays Harbor County, Washington",71692,62670,1016,3259,1336,81
53029,"Island County, Washington",79177,68554,1769,540,4025,501
53033,"King County, Washington",2007440,1382788,125207,14696,295803,15019
53035,"Kitsap County, Washington",254991,209776,6272,3144,11608,1945
53041,"Lewis County, Washington",75621,70261,672,443,541,6
53053,"Pierce County, Washington",811681,609590,55043,10768,48093,10765
53057,"Skagit County, Washington",118222,104154,686,1814,2498,191
53061,"Snohomish County, Washington",733036,582514,17773,6757,68222,2815
53063,"Spokane County, Washington",475735,422642,8695,6960,11579,1359
53067,"Thurston County, Washington",258332,216562,7559,3604,15116,1856
53073,"Whatcom County, Washington",205262,176536,1909,6430,7583,634
53077,"Yakima County, Washington",246977,197176,1951,9786,3081,276
54011,"Cabell County, West Virginia",96974,88340,4863,256,1060,0
54033,"Harrison County, West Virginia",69141,66260,1249,212,256,292
54039,"Kanawha County, West Virginia",192179,170045,7387,599,2335,0
54061,"Monongalia County, West Virginia",100332,90879,3341,393,3201,0
54081,"Raleigh County, West Virginia",79021,69818,7204,0,784,0
55009,"Brown County, Wisconsin",253032,224656,5536,6271,7824,0
55025,"Dane County, Wisconsin",503523,426969,27822,1583,26240,0
55027,"Dodge County, Wisconsin",88415,83306,2564,404,649,0
55035,"Eau Claire County, Wisconsin",100677,93363,884,303,3766,0
55039,"Fond du Lac County, Wisconsin",101843,95075,1295,455,469,39
55055,"Jefferson County, Wisconsin",84498,79770,429,134,731,0
55059,"Kenosha County, Wisconsin",167936,148141,11960,678,2344,37
55063,"La Crosse County, Wisconsin",116461,106609,1824,417,5035,0
55071,"Manitowoc County, Wisconsin",80671,76277,227,617,1994,0
55073,"Marathon County, Wisconsin",134735,123862,1107,313,7422,0
55079,"Milwaukee County, Wisconsin",955205,591149,251849,6244,33339,124
55087,"Outagamie County, Wisconsin",178816,162970,2189,2615,5606,86
55089,"Ozaukee County, Wisconsin",86823,82535,966,240,1716,0
55097,"Portage County, Wisconsin",70433,66549,61,163,2528,0
55101,"Racine County, Wisconsin",194797,159418,21106,1480,1725,141
55105,"Rock County, Wisconsin",160418,144337,4778,467,1625,0
55109,"St. Croix County, Wisconsin",85242,81981,553,659,571,0
55117,"Sheboygan County, Wisconsin",115009,103877,1334,112,5951,0
55127,"Walworth County, Wisconsin",102851,94243,655,222,722,260
55131,"Washington County, Wisconsin",132661,126432,1372,237,1270,42
55133,"Waukesha County, Wisconsin",392292,364571,5999,990,10558,150
55139,"Winnebago County, Wisconsin",168794,156269,3337,946,3791,22
55141,"Wood County, Wisconsin",74424,70886,197,1193,914,0
56021,"Laramie County, Wyoming",94483,83814,2405,779,946,10
56025,"Natrona County, Wyoming",78621,72682,526,1056,462,0
