FIPS,Geography,Total,White,Black,AmInd_Alaska,Asian,PacIsl
1003,"Baldwin County, Alabama",203709,174923,23049,1917,303,0
1015,"Calhoun County, Alabama",115620,86053,22709,176,1229,0
1043,"Cullman County, Alabama",82005,80309,475,99,218,0
1049,"DeKalb County, Alabama",71130,60748,1274,541,146,2319
1051,"Elmore County, Alabama",81468,61760,17971,7,207,0
1069,"Houston County, Alabama",104173,72292,27689,309,880,140
1073,"Jefferson County, Alabama",660367,345005,282511,1260,10861,711
1077,"Lauderdale County, Alabama",92596,80447,9741,462,492,0
1081,"Lee County, Alabama",156993,110378,36539,231,5714,0
1083,"Limestone County, Alabama",91663,73933,12229,839,1155,0
1089,"Madison County, Alabama",353089,243431,85184,1755,8967,344
1095,"Marshall County, Alabama",94725,88843,2604,213,46,73
1097,"Mobile County, Alabama",415395,246791,145156,3371,8444,0
1101,"Montgomery County, Alabama",226519,86467,128205,273,4930,100
1103,"Morgan County, Alabama",119565,99867,15507,276,1056,29
1115,"St. Clair County, Alabama",87074,75170,8725,215,827,0
1117,"Shelby County, Alabama",208713,167146,25871,455,4540,118
1125,"Tuscaloosa County, Alabama",203976,133226,63340,288,2904,275
2020,"Anchorage Municipality, Alaska",298695,188025,18385,19466,29106,5556
2090,"Fairbanks North Star Borough, Alaska",99631,75321,4427,6741,2886,96
2170,"Matanuska-Susitna Borough, Alaska",101095,83939,1275,4661,1383,291
4003,"Cochise County, Arizona",126427,106336,5812,1130,2729,194
4005,"Coconino County, Arizona",139097,88124,1772,37506,2582,183
4013,"Maricopa County, Arizona",4167947,3257173,228439,80471,166727,8245
4015,"Mohave County, Arizona",204737,184801,2453,5760,2743,130
4017,"Navajo County, Arizona",108277,51800,1107,47730,674,0
4019,"Pima County, Arizona",1010025,776470,36666,37188,29545,1374
4021,"Pinal County, Arizona",406584,314363,17831,21601,6433,587
4025,"Yavapai County, Arizona",222255,204325,1082,3586,2243,297
4027,"Yuma County, Arizona",204275,153529,4512,3259,2723,198
5007,"Benton County, Arkansas",249672,219875,4698,3121,8876,1003
5031,"Craighead County, Arkansas",104354,82830,13170,1473,1373,0
5045,"Faulkner County, Arkansas",121552,100842,13615,436,1863,0
5051,"Garland County, Arkansas",97177,84540,7660,395,479,0
5085,"Lonoke County, Arkansas",71645,63099,4248,603,469,260
5119,"Pulaski County, Arkansas",392664,226517,143424,1543,9264,141
5125,"Saline County, Arkansas",117460,105327,8105,497,1683,121
5131,"Sebastian County, Arkansas",127780,101037,9701,1739,5331,0
5143,"Washington County, Arkansas",225477,176924,8076,1238,5454,5059
6001,"Alameda County, California",1638215,701135,180957,10588,474507,14524
6007,"Butte County, California",225411,186531,2581,3154,10559,331
6013,"Contra Costa County, California",1126745,639657,100354,6112,182666,6127
6017,"El Dorado County, California",184452,162276,1472,1608,7301,199
6019,"Fresno County, California",974861,630159,46705,9346,99606,1950
6023,"Humboldt County, California",135727,108203,1712,6951,4475,97
6025,"Imperial County, California",180191,126599,5113,2557,3377,104
6029,"Kern County, California",882176,684691,50286,7248,40891,2185
6031,"Kings County, California",150965,99811,9167,2316,7163,754
6033,"Lake County, California",64591,50558,1005,2395,483,230
6037,"Los Angeles County, California",10170292,5285352,836460,71427,1471602,29126
6039,"Madera County, California",154998,126455,4938,1446,2886,126
6041,"Marin County, California",261221,202246,6976,961,15065,1062
6045,"Mendocino County, California",87649,74078,453,4243,2373,159
6047,"Merced County, California",268455,154331,8873,1519,19689,660
6053,"Monterey County, California",433898,287032,10672,3036,24390,2048
6055,"Napa County, California",142456,97452,2941,1115,12061,294
6057,"Nevada County, California",98877,90475,660,2498,1448,82
6059,"Orange County, California",3169776,1982432,53969,14049,622001,10388
6061,"Placer County, California",375391,307761,7119,1442,26067,800
6065,"Riverside County, California",2361026,1485957,148768,18900,149939,6616
6067,"Sacramento County, California",1501335,897925,147797,8889,233519,16679
6071,"San Bernardino County, California",2128133,1303554,177777,15455,149602,6867
6073,"San Diego County, California",3299521,2335380,168575,17356,387324,14434
6075,"San Francisco County, California",864816,409361,44843,2945,301034,3769
6077,"San Joaquin County, California",726106,418597,48452,3606,110506,2624
6079,"San Luis Obispo County, California",281401,237929,5614,2132,10000,569
6081,"San Mateo County, California",765135,389719,18283,2314,213204,10614
6083,"Santa Barbara County, California",444769,350900,9359,3294,25156,564
6085,"Santa Clara County, California",1918044,869075,47419,8435,667182,9210
6087,"Santa Cruz County, California",274146,210341,2288,1985,12048,268
6089,"Shasta County, California",179533,155875,2539,4791,6066,34
6095,"Solano County, California",436092,233286,61550,2367,67196,3673
6097,"Sonoma County, California",502146,384475,7678,4403,19128,1061
6099,"Stanislaus County, California",538388,407401,14771,3860,30326,4218
6101,"Sutter County, California",96463,67966,1053,939,15125,362
6107,"Tulare County, California",459863,360593,6744,5240,16117,828
6111,"Ventura County, California",850536,686076,14338,8213,62400,2044
6113,"Yolo County, California",213016,140351,5669,809,29518,606
6115,"Yuba County, California",74492,52039,2375,504,5994,164
8001,"Adams County, Colorado",491337,409072,15769,6146,18115,533
8005,"Arapahoe County, Colorado",631096,452681,64427,3056,34741,1413
8013,"Boulder County, Colorado",319372,286798,2038,1203,14486,92
8014,"Broomfield County, Colorado",65065,56289,564,43,4476,0
8031,"Denver County, Colorado",682545,526428,64692,6897,23327,474
8035,"Douglas County, Colorado",322387,287318,4276,1105,13399,833
8041,"El Paso County, Colorado",674471,533295,45088,3949,19828,2813
8059,"Jefferson County, Colorado",565524,511780,6755,3493,15012,210
8069,"Larimer County, Colorado",333577,306923,3553,1448,6946,391
8077,"Mesa County, Colorado",148513,140608,1338,294,739,1178
8101,"Pueblo County, Colorado",163591,128052,3707,7643,1905,0
8123,"Weld County, Colorado",285174,260541,2742,3076,4172,61
9001,"Fairfield County, Connecticut",948053,698939,110503,1120,48626,405
9003,"Hartford County, Connecticut",895841,643989,124104,2820,43178,0
9005,"Litchfield County, Connecticut",183603,171527,2936,373,3548,68
9007,"Middlesex County, Connecticut",164063,145227,8151,0,4775,0
9009,"New Haven County, Connecticut",859470,633320,112785,1794,36649,0
9011,"New London County, Connecticut",271863,217247,15220,1471,10957,0
9013,"Tolland County, Connecticut",151420,133224,4918,93,7032,0
9015,"Windham County, Connecticut",116573,104470,1954,1222,1484,46
10001,"Kent County, Delaware",173533,115814,43223,876,3441,174
10003,"New Castle County, Delaware",556779,361425,135042,1322,29976,160
10005,"Sussex County, Delaware",215622,177665,25598,923,2697,0
11001,"District of Columbia, District of Columbia",672228,269143,318831,1661,25944,475
12001,"Alachua County, Florida",259964,182337,51528,1124,16280,136
12005,"Bay County, Florida",181635,148553,20346,509,4365,0
12009,"Brevard County, Florida",568088,471430,57147,1984,12952,995
12011,"Broward County, Florida",1896425,1162981,540465,3816,67759,988
12015,"Charlotte County, Florida",173115,155857,9820,799,2183,0
12017,"Citrus County, Florida",141058,131809,4043,331,2301,0
12019,"Clay County, Florida",203967,164663,21303,254,6792,340
12021,"Collier County, Florida",357305,319302,25156,725,4034,0
12023,"Columbia County, Florida",68348,52746,12512,133,832,0
12031,"Duval County, Florida",913010,557785,270079,1327,42063,1121
12033,"Escambia County, Florida",311003,212859,65122,836,7825,296
12035,"Flagler County, Florida",105392,86837,11378,325,2360,0
12053,"Hernando County, Florida",178439,158976,9660,160,2204,121
12055,"Highlands County, Florida",99491,78734,9886,142,1163,0
12057,"Hillsborough County, Florida",1349050,945613,223120,3641,52592,875
12061,"Indian River County, Florida",147919,129463,13365,6,1862,0
12069,"Lake County, Florida",325875,273431,32429,1166,5719,0
12071,"Lee County, Florida",701982,600765,61326,462,11120,280
12073,"Leon County, Florida",286272,177414,88471,673,9430,101
12081,"Manatee County, Florida",363369,313730,33227,174,7645,56
12083,"Marion County, Florida",343254,281114,45593,494,5893,326
12085,"Martin County, Florida",156283,137868,9010,595,2413,0
12086,"Miami-Dade County, Florida",2693117,2032881,495903,1741,42970,310
12087,"Monroe County, Florida",77482,69180,5711,110,521,0
12091,"Okaloosa County, Florida",198664,158059,21964,307,5259,0
12095,"Orange County, Florida",1288126,829874,263369,2783,68409,1617
12097,"Osceola County, Florida",323993,234791,36530,1274,8414,340
12099,"Palm Beach County, Florida",1422789,1052547,259040,2400,36883,339
12101,"Pasco County, Florida",497909,438341,27792,2548,12256,405
12103,"Pinellas County, Florida",949827,781900,97404,2801,32986,871
12105,"Polk County, Florida",650092,510686,98182,1953,11084,267
12107,"Putnam County, Florida",72023,57777,12485,130,369,0
12109,"St. Johns County, Florida",226640,199165,13284,947,7032,0
12111,"St. Lucie County, Florida",298563,219571,57621,1797,6434,0
12113,"Santa Rosa County, Florida",167040,141407,8081,601,3159,271
12115,"Sarasota County, Florida",405549,371156,20147,418,5799,70
12117,"Seminole County, Florida",449144,354278,52300,977,19083,381
12119,"Sumter County, Florida",118891,109243,6147,573,161,0
12127,"Volusia County, Florida",517887,433560,56739,1210,9120,477
13013,"Barrow County, Georgia",75370,60450,8006,55,2466,0
13015,"Bartow County, Georgia",102747,82148,11701,770,817,0
13021,"Bibb County, Georgia",153721,63217,84416,195,2898,0
13031,"Bulloch County, Georgia",72651,47601,21033,302,1568,0
13045,"Carroll County, Georgia",114545,87072,22137,203,772,53
13051,"Chatham County, Georgia",286956,151610,113172,1040,8729,0
13057,"Cherokee County, Georgia",235900,206477,15368,342,4229,0
13059,"Clarke County, Georgia",123912,78175,33751,58,4998,257
13063,"Clayton County, Georgia",273955,55071,183597,190,14513,0
13067,"Cobb County, Georgia",741334,440890,199374,1103,37955,496
13073,"Columbia County, Georgia",144052,107599,23518,389,4170,0
13077,"Coweta County, Georgia",138427,105598,25577,132,2245,0
13089,"DeKalb County, Georgia",734871,255926,397016,5917,43858,70
13095,"Dougherty County, Georgia",91332,26045,63173,340,461,4
13097,"Douglas County, Georgia",140733,66598,62311,51,2403,0
13113,"Fayette County, Georgia",110714,76899,24033,99,4501,0
13115,"Floyd County, Georgia",96504,73949,14466,146,1618,0
13117,"Forsyth County, Georgia",212438,177310,6402,346,21652,159
13121,"Fulton County, Georgia",1010562,457848,446830,4349,69031,481
13127,"Glynn County, Georgia",83579,57387,22239,305,329,39
13135,"Gwinnett County, Georgia",895823,462519,238406,2818,101864,583
13139,"Hall County, Georgia",193535,163978,14588,280,3483,0
13151,"Henry County, Georgia",217739,109928,89920,0,6668,78
13153,"Houston County, Georgia",150033,92923,43992,266,4699,0
13179,"Liberty County, Georgia",62467,30295,25600,553,1611,329
13185,"Lowndes County, Georgia",112865,66001,40913,80,2171,0
13215,"Muscogee County, Georgia",200579,90995,90408,676,4487,665
13217,"Newton County, Georgia",105473,56170,44362,84,773,0
13223,"Paulding County, Georgia",152238,113463,25413,230,2441,51
13245,"Richmond County, Georgia",201793,77245,112068,480,3770,0
13247,"Rockdale County, Georgia",88856,38307,45041,0,1679,0
13285,"Troup County, Georgia",69763,41524,24879,256,1193,0
13297,"Walton County, Georgia",88399,69786,16955,0,102,39
13313,"Whitfield County, Georgia",104216,90438,4605,233,1556,0
15001,"Hawaii County, Hawaii",196428,65100,1216,1867,42479,25645
15003,"Honolulu County, Hawaii",998714,223187,27170,1393,416998,85776
15007,"Kauai County, Hawaii",71735,22644,113,473,26406,7156
15009,"Maui County, Hawaii",164593,61299,1145,166,45384,15545
16001,"Ada County, Idaho",434211,397109,5528,2079,9958,537
16005,"Bannock County, Idaho",83744,75407,723,2783,1078,340
16019,"Bonneville County, Idaho",110089,99847,219,167,1862,74
16027,"Canyon County, Idaho",207478,182834,563,3024,1607,694
16055,"Kootenai County, Idaho",150346,141615,387,1905,937,0
16083,"Twin Falls County, Idaho",82375,76635,0,607,1940,0
17001,"Adams County, Illinois",67013,62245,2316,448,677,18
17019,"Champaign County, Illinois",208861,150037,26513,277,22294,409
17031,"Cook County, Illinois",5238216,2951389,1239299,14702,368205,2413
17037,"DeKalb County, Illinois",104352,87553,8260,100,2393,0
17043,"DuPage County, Illinois",933736,729248,45855,2979,106949,285
17089,"Kane County, Illinois",530847,388540,31482,993,21060,171
17091,"Kankakee County, Illinois",110879,87939,17543,81,1267,85
17093,"Kendall County, Illinois",123355,103479,10033,0,4179,0
17097,"Lake County, Illinois",703910,563399,48996,1053,50634,127
17099,"LaSalle County, Illinois",111333,103860,2863,60,895,0
17111,"McHenry County, Illinois",307343,282092,4926,94,9166,242
17113,"McLean County, Illinois",173166,144111,14618,307,8250,79
17115,"Macon County, Illinois",107303,82873,15646,157,981,0
17119,"Madison County, Illinois",266209,233920,23106,678,2302,0
17143,"Peoria County, Illinois",186221,135122,32746,326,7155,56
17161,"Rock Island County, Illinois",146133,119934,13435,342,3577,0
17163,"St. Clair County, Illinois",264052,171465,78890,446,3683,114
17167,"Sangamon County, Illinois",198712,163055,24118,140,4164,0
17179,"Tazewell County, Illinois",134800,129150,1767,48,1473,0
17183,"Vermilion County, Illinois",79282,65527,11304,175,540,0
17197,"Will County, Illinois",687263,507289,78914,965,35846,130
17199,"Williamson County, Illinois",67466,61520,3446,143,550,0
17201,"Winnebago County, Illinois",287078,225216,36612,1233,7070,15
18003,"Allen County, Indiana",368450,294139,40592,996,12389,649
18005,"Bartholomew County, Indiana",81162,71122,1463,580,4053,317
18019,"Clark County, Indiana",115371,100938,8326,359,1411,0
18035,"Delaware County, Indiana",116852,103006,9095,208,1852,104
18039,"Elkhart County, Indiana",203474,178528,12157,881,2820,121
18043,"Floyd County, Indiana",76778,69206,4126,411,774,0
18057,"Hamilton County, Indiana",309697,271218,11636,50,18379,0
18063,"Hendricks County, Indiana",158192,139640,9350,881,4415,0
18067,"Howard County, Indiana",82556,72425,5570,228,1015,185
18081,"Johnson County, Indiana",149633,136723,3895,56,3836,0
18085,"Kosciusko County, Indiana",78620,74287,614,15,690,0
18089,"Lake County, Indiana",487865,298738,116842,991,7500,134
18091,"LaPorte County, Indiana",110884,91608,12846,0,331,0
18095,"Madison County, Indiana",129723,114069,9717,143,200,63
18097,"Marion County, Indiana",939020,599418,255320,2784,27116,0
18105,"Monroe County, Indiana",144705,125012,3772,143,9680,50
18127,"Porter County, Indiana",167688,152922,5128,176,2468,449
18141,"St. Joseph County, Indiana",268441,213013,33037,530,6324,233
18157,"Tippecanoe County, Indiana",185826,154369,8833,349,14279,0
18163,"Vanderburgh County, Indiana",181877,155669,17396,116,2393,0
18167,"Vigo County, Indiana",107896,94375,5434,343,1992,0
18177,"Wayne County, Indiana",67001,59770,2711,608,536,0
19013,"Black Hawk County, Iowa",133455,110880,12405,320,1902,94
19049,"Dallas County, Iowa",80133,73043,480,109,3394,0
19061,"Dubuque County, Iowa",97125,89826,3407,117,1188,670
19103,"Johnson County, Iowa",144251,119451,9534,260,8666,406
19113,"Linn County, Iowa",219916,195934,9147,654,4014,40
19153,"Polk County, Iowa",467711,398389,30172,2493,18941,884
19155,"Pottawattamie County, Iowa",93671,86781,1859,375,894,0
19163,"Scott County, Iowa",172126,147701,12590,274,4612,29
19169,"Story County, Iowa",96021,83870,786,718,8455,0
19193,"Woodbury County, Iowa",102782,88153,3403,1672,3110,289
20015,"Butler County, Kansas",66741,62212,2261,348,113,0
20045,"Douglas County, Kansas",118053,98451,5503,3556,5229,0
20091,"Johnson County, Kansas",580159,501387,26579,1592,27766,546
20103,"Leavenworth County, Kansas",79315,66506,6982,363,1125,0
20161,"Riley County, Kansas",75247,61467,4177,419,3611,515
20173,"Sedgwick County, Kansas",511574,406029,49124,6266,25284,274
20177,"Shawnee County, Kansas",178725,149126,13740,1845,2616,329
20209,"Wyandotte County, Kansas",163369,99979,37847,669,6641,23
21015,"Boone County, Kentucky",127712,116438,3752,57,3735,0
21037,"Campbell County, Kentucky",92066,85371,3051,15,936,0
21047,"Christian County, Kentucky",73309,53061,15737,635,815,571
21059,"Daviess County, Kentucky",99259,89207,4412,316,1122,0
21067,"Fayette County, Kentucky",314488,238806,45159,679,11090,85
21093,"Hardin County, Kentucky",106439,85308,12431,105,2255,802
21111,"Jefferson County, Kentucky",763623,555775,159549,1715,19423,424
21117,"Kenton County, Kentucky",165012,148559,8177,56,2392,57
21145,"McCracken County, Kentucky",65018,55005,7821,155,417,0
21151,"Madison County, Kentucky",87824,80705,3513,395,716,21
21227,"Warren County, Kentucky",122851,99712,11579,212,4427,197
22005,"Ascension Parish, Louisiana",119455,87520,22626,94,794,0
22015,"Bossier Parish, Louisiana",125175,90713,27268,634,2263,0
22017,"Caddo Parish, Louisiana",251460,118429,122475,631,3419,67
22019,"Calcasieu Parish, Louisiana",198788,139369,49583,699,2868,80
22033,"East Baton Rouge Parish, Louisiana",446753,212567,202021,436,15637,187
22045,"Iberia Parish, Louisiana",74103,45514,22322,0,2467,0
22051,"Jefferson Parish, Louisiana",436275,278251,114760,1134,18491,50
22055,"Lafayette Parish, Louisiana",240098,167409,61935,614,4746,0
22057,"Lafourche Parish, Louisiana",98325,77902,13311,2285,748,0
22071,"Orleans Parish, Louisiana",389617,134004,230722,828,12136,120
22073,"Ouachita Parish, Louisiana",156761,93525,59284,309,1452,0
22079,"Rapides Parish, Louisiana",132141,84401,44107,748,578,0
22097,"St. Landry Parish, Louisiana",83848,46055,35377,0,142,0
22103,"St. Tammany Parish, Louisiana",250088,209032,29731,813,4106,0
22105,"Tangipahoa Parish, Louisiana",128755,86895,38061,181,1133,0
22109,"Terrebonne Parish, Louisiana",113972,81387,21449,6078,1385,142
23001,"Androscoggin County, Maine",107233,98649,1245,36,937,0
23003,"Aroostook County, Maine",68628,65371,594,1303,409,12
23005,"Cumberland County, Maine",289977,267044,7510,574,5844,0
23011,"Kennebec County, Maine",119980,115200,1108,1020,1116,133
23019,"Penobscot County, Maine",152692,145093,1225,1392,1482,105
23031,"York County, Maine",201169,192849,1464,516,2299,59
24001,"Allegany County, Maryland",72528,63861,5766,48,711,58
24003,"Anne Arundel County, Maryland",564195,421578,92880,1113,22534,487
24005,"Baltimore County, Maryland",831128,519527,230467,2595,50936,407
24009,"Calvert County, Maryland",90595,74404,10782,0,1480,0
24013,"Carroll County, Maryland",167627,154496,5898,332,3071,2
24015,"Cecil County, Maryland",102382,90516,7066,30,1574,122
24017,"Charles County, Maryland",156118,71819,66380,707,5477,0
24021,"Frederick County, Maryland",245322,198982,22079,470,11222,267
24025,"Harford County, Maryland",250290,199018,35009,570,7398,0
24027,"Howard County, Maryland",313414,183413,56464,683,55194,70
24031,"Montgomery County, Maryland",1040116,564151,186896,3420,156974,429
24033,"Prince George's County, Maryland",909535,154895,569476,3278,39726,416
24037,"St. Mary's County, Maryland",111413,88245,16000,32,3584,0
24043,"Washington County, Maryland",149585,123543,15442,178,2642,27
24045,"Wicomico County, Maryland",102370,69912,24470,355,3373,0
24510,"Baltimore city, Maryland",621849,193032,382922,952,16894,381
25001,"Barnstable County, Massachusetts",214333,198849,5652,726,3412,0
25003,"Berkshire County, Massachusetts",127828,116652,3826,309,2234,100
25005,"Bristol County, Massachusetts",556772,475548,20828,143,12099,305
25009,"Essex County, Massachusetts",776043,620715,28941,2033,28994,85
25011,"Franklin County, Massachusetts",70601,66070,1954,326,321,0
25013,"Hampden County, Massachusetts",470690,382969,40091,1319,10252,75
25015,"Hampshire County, Massachusetts",161292,142184,4459,536,8763,0
25017,"Middlesex County, Massachusetts",1585139,1239864,80531,1938,177513,494
25021,"Norfolk County, Massachusetts",696023,551206,46734,330,72767,33
25023,"Plymouth County, Massachusetts",510393,429089,48665,162,6975,0
25025,"Suffolk County, Massachusetts",778121,431912,174007,1384,68587,153
25027,"Worcester County, Massachusetts",818963,694255,40226,1335,38787,165
26005,"Allegan County, Michigan",114625,107537,1449,636,485,120
26017,"Bay County, Michigan",105659,99946,1768,281,760,0
26021,"Berrien County, Michigan",154636,121302,22875,321,3189,98
26025,"Calhoun County, Michigan",134314,110510,14086,1172,2719,169
26037,"Clinton County, Michigan",77390,72677,1203,73,1202,0
26045,"Eaton County, Michigan",108801,93877,7291,595,2443,0
26049,"Genesee County, Michigan",410849,308385,80489,854,4672,0
26055,"Grand Traverse County, Michigan",91636,85988,1181,1171,756,261
26065,"Ingham County, Michigan",286085,212669,31097,979,18294,114
26073,"Isabella County, Michigan",70698,62694,2124,2558,1558,0
26075,"Jackson County, Michigan",159494,139227,13549,488,1343,0
26077,"Kalamazoo County, Michigan",260263,210977,28564,942,6038,0
26081,"Kent County, Michigan",636369,507666,61611,2400,17945,149
26087,"Lapeer County, Michigan",88373,84421,1151,234,71,81
26091,"Lenawee County, Michigan",98573,90671,2738,794,360,245
26093,"Livingston County, Michigan",187316,179668,1212,462,1732,296
26099,"Macomb County, Michigan",864840,709097,96470,2696,32188,175
26103,"Marquette County, Michigan",67215,62598,1211,586,349,13
26111,"Midland County, Michigan",83632,78064,1177,243,1611,277
26115,"Monroe County, Michigan",149568,141703,3277,176,1144,45
26121,"Muskegon County, Michigan",172790,139335,23975,1312,617,103
26125,"Oakland County, Michigan",1242304,937743,174879,4311,84949,137
26139,"Ottawa County, Michigan",279955,251024,3814,965,8315,0
26145,"Saginaw County, Michigan",193307,144418,34507,506,2355,0
26147,"St. Clair County, Michigan",159875,149328,3178,209,1332,0
26155,"Shiawassee County, Michigan",68619,65964,250,337,328,64
26159,"Van Buren County, Michigan",75077,64916,2400,429,511,0
26161,"Washtenaw County, Michigan",358880,263224,44740,1703,32009,371
26163,"Wayne County, Michigan",1759335,941967,688219,4534,56669,419
27003,"Anoka County, Minnesota",344151,292650,18135,2585,14800,169
27013,"Blue Earth County, Minnesota",65787,60189,2220,266,1133,0
27019,"Carver County, Minnesota",98741,91760,1737,115,2242,0
27037,"Dakota County, Minnesota",414686,342805,21733,1346,19698,142
27053,"Hennepin County, Minnesota",1223149,898311,158005,6709,86482,95
27109,"Olmsted County, Minnesota",151436,128394,7781,710,9544,83
27123,"Ramsey County, Minnesota",538133,368423,62146,2761,74309,181
27131,"Rice County, Minnesota",65400,57741,2229,439,1832,0
27137,"St. Louis County, Minnesota",200431,184955,2865,2634,2358,175
27139,"Scott County, Minnesota",141660,119510,3959,1015,9032,9
27141,"Sherburne County, Minnesota",91705,85930,1789,493,1552,0
27145,"Stearns County, Minnesota",154708,139403,6753,375,3115,19
27163,"Washington County, Minnesota",251597,216760,10396,1073,13691,0
27171,"Wright County, Minnesota",131311,123820,1130,240,1560,42
28033,"DeSoto County, Mississippi",173323,120169,44477,179,2754,38
28047,"Harrison County, Mississippi",201410,137699,47881,1309,6733,70
28049,"Hinds County, Mississippi",242891,63876,172912,210,2331,0
28059,"Jackson County, Mississippi",141425,99046,30512,697,3539,0
28089,"Madison County, Mississippi",103465,59159,39744,202,2575,30
28121,"Rankin County, Mississippi",149039,114034,30028,90,1523,235
29019,"Boone County, Missouri",174974,141836,15701,530,7069,310
29021,"Buchanan County, Missouri",89100,78540,6138,517,605,26
29031,"Cape Girardeau County, Missouri",78572,69128,6115,133,873,0
29037,"Cass County, Missouri",101603,93401,4334,719,991,0
29043,"Christian County, Missouri",83279,79273,335,360,752,0
29047,"Clay County, Missouri",235637,202683,13340,2035,5902,0
29051,"Cole County, Missouri",76720,64765,8668,539,1088,0
29071,"Franklin County, Missouri",102426,97677,1189,0,432,0
29077,"Greene County, Missouri",288072,259717,10430,1367,5565,93
29095,"Jackson County, Missouri",687623,459654,163341,2206,11837,1878
29097,"Jasper County, Missouri",118596,108396,1554,1381,1634,108
29099,"Jefferson County, Missouri",224124,215144,2909,584,2027,0
29165,"Platte County, Missouri",96096,83615,7106,348,2322,18
29183,"St. Charles County, Missouri",385590,345403,16002,877,9205,235
29189,"St. Louis County, Missouri",1003362,691396,236786,1855,42835,519
29510,"St. Louis city, Missouri",315685,147897,147176,507,9152,521
30013,"Cascade County, Montana",82278,71830,1122,3745,777,32
30029,"Flathead County, Montana",96165,90344,282,1103,800,31
30031,"Gallatin County, Montana",100739,94575,294,829,1947,0
30049,"Lewis and Clark County, Montana",66418,62481,61,1800,347,391
30063,"Missoula County, Montana",114181,104696,841,2784,2203,0
30111,"Yellowstone County, Montana",157048,142882,1008,7177,1316,0
31055,"Douglas County, Nebraska",550064,437160,62117,4107,18490,186
31109,"Lancaster County, Nebraska",306468,265865,12368,1690,11954,316
31153,"Sarpy County, Nebraska",175692,155601,7197,904,4635,272
32003,"Clark County, Nevada",2114801,1314736,232104,16922,204801,14568
32031,"Washoe County, Nevada",446903,354181,10071,6361,22612,3112
33005,"Cheshire County, New Hampshire",75909,71947,608,125,1326,21
33009,"Grafton County, New Hampshire",89320,82376,503,436,4046,0
33011,"Hillsborough County, New Hampshire",406678,370671,11845,286,15626,175
33013,"Merrimack County, New Hampshire",147994,140431,2191,232,2398,0
33015,"Rockingham County, New Hampshire",301777,286085,2247,20,6170,0
33017,"Strafford County, New Hampshire",126825,117957,1736,81,3821,0
34001,"Atlantic County, New Jersey",274219,185429,40528,715,21961,176
34003,"Bergen County, New Jersey",938506,656493,57051,1705,153112,910
34005,"Burlington County, New Jersey",450226,324433,73811,606,23011,0
34007,"Camden County, New Jersey",510923,323313,95542,933,29533,184
34009,"Cape May County, New Jersey",94727,86752,4864,0,1368,0
34011,"Cumberland County, New Jersey",155854,110447,29440,874,2573,0
34013,"Essex County, New Jersey",797434,333541,314799,1736,41658,82
34015,"Gloucester County, New Jersey",291479,236613,26939,97,9557,208
34017,"Hudson County, New Jersey",674836,362723,84148,2087,101595,876
34019,"Hunterdon County, New Jersey",125488,114265,3328,12,4994,0
34021,"Mercer County, New Jersey",371398,240995,76228,200,40989,17
34023,"Middlesex County, New Jersey",840900,504867,85573,1773,202150,204
34025,"Monmouth County, New Jersey",628715,513647,46377,1207,33671,466
34027,"Morris County, New Jersey",499509,407191,16557,948,50898,0
34029,"Ocean County, New Jersey",588721,536710,18766,173,11816,187
34031,"Passaic County, New Jersey",510916,299987,58441,2278,27531,185
34033,"Salem County, New Jersey",64180,51720,8337,62,794,0
34035,"Somerset County, New Jersey",333654,219720,31905,175,58195,0
34037,"Sussex County, New Jersey",143673,133596,3094,0,3056,26
34039,"Union County, New Jersey",555786,322650,118490,1008,27386,0
34041,"Warren County, New Jersey",106869,95175,4395,281,3392,35
35001,"Bernalillo County, New Mexico",676685,479945,21402,31876,16021,391
35005,"Chaves County, New Mexico",65764,58125,896,1409,448,0
35013,"Doña Ana County, New Mexico",214295,191138,3623,2238,2454,0
35025,"Lea County, New Mexico",71180,60734,3216,408,55,137
35031,"McKinley County, New Mexico",76708,12645,663,57008,1579,0
35035,"Otero County, New Mexico",64362,49852,2474,4842,602,0
35043,"Sandoval County, New Mexico",139394,92026,3586,17831,1586,250
35045,"San Juan County, New Mexico",118737,65856,536,45158,1005,69
35049,"Santa Fe County, New Mexico",148686,123460,1540,4624,1301,38
35061,"Valencia County, New Mexico",75737,63342,904,3573,431,0
36001,"Albany County, New York",309381,237074,36840,613,19602,325
36005,"Bronx County, New York",1455444,296739,475704,9275,53593,63
36007,"Broome County, New York",196567,169170,11374,335,8411,107
36009,"Cattaraugus County, New York",77922,71494,1389,2286,791,0
36011,"Cayuga County, New York",78288,72240,3663,107,248,0
36013,"Chautauqua County, New York",130779,121646,3224,755,844,142
36015,"Chemung County, New York",87071,76618,6638,180,927,28
36019,"Clinton County, New York",81251,74541,3815,49,1268,10
36027,"Dutchess County, New York",295754,228378,31237,799,11505,259
36029,"Erie County, New York",922578,718294,126063,4275,32105,285
36045,"Jefferson County, New York",117635,101377,7831,546,2350,225
36047,"Kings County, New York",2636735,1143422,861059,10021,319263,375
36051,"Livingston County, New York",64717,60291,813,95,940,0
36053,"Madison County, New York",71849,68113,2015,21,489,0
36055,"Monroe County, New York",749600,570572,118054,3564,29177,99
36059,"Nassau County, New York",1361350,934951,161031,2675,125694,116
36061,"New York County, New York",1644518,927335,242485,5653,200997,695
36063,"Niagara County, New York",212652,185129,15160,1485,2853,0
36065,"Oneida County, New York",232500,197395,12862,593,9268,533
36067,"Onondaga County, New York",468463,375090,51850,3022,17422,169
36069,"Ontario County, New York",109561,102195,3577,42,1707,91
36071,"Orange County, New York",377647,277839,40664,1461,9508,55
36075,"Oswego County, New York",120146,115345,791,160,966,0
36079,"Putnam County, New York",99042,87642,2815,318,2173,42
36081,"Queens County, New York",2339150,917559,425453,9780,591840,451
36083,"Rensselaer County, New York",160266,139035,10090,119,4386,0
36085,"Richmond County, New York",474558,354859,50436,888,39628,280
36087,"Rockland County, New York",326037,225743,41472,320,20003,59
36089,"St. Lawrence County, New York",111007,102843,2480,713,1219,0
36091,"Saratoga County, New York",226249,210629,3664,146,6704,65
36093,"Schenectady County, New York",154604,118714,15094,164,7200,0
36101,"Steuben County, New York",97631,92559,1724,54,1659,10
36103,"Suffolk County, New York",1501587,1211538,116194,2489,62769,276
36105,"Sullivan County, New York",74877,59702,6673,64,1460,0
36109,"Tompkins County, New York",104926,84161,2894,563,11332,0
36111,"Ulster County, New York",180143,153351,11145,324,3805,318
36117,"Wayne County, New York",91446,85292,3110,194,559,318
36119,"Westchester County, New York",976396,648511,142311,2861,58978,338
37001,"Alamance County, North Carolina",158276,111955,29618,335,2643,48
37019,"Brunswick County, North Carolina",122765,101206,13087,641,929,46
37021,"Buncombe County, North Carolina",253178,226088,16385,1328,2663,177
37023,"Burke County, North Carolina",88842,74904,5315,462,3253,0
37025,"Cabarrus County, North Carolina",196762,139854,35165,797,6041,0
37027,"Caldwell County, North Carolina",81287,72676,3805,619,765,47
37031,"Carteret County, North Carolina",68879,61821,4528,181,1145,0
37035,"Catawba County, North Carolina",155056,121283,13471,245,6715,0
37037,"Chatham County, North Carolina",70928,57362,8085,0,1069,147
37045,"Cleveland County, North Carolina",96879,72946,20371,113,916,0
37049,"Craven County, North Carolina",103451,72352,23270,1636,2943,0
37051,"Cumberland County, North Carolina",323838,166701,117465,4855,7789,800
37057,"Davidson County, North Carolina",164622,141594,16002,1187,2609,0
37063,"Durham County, North Carolina",300952,151160,112622,1043,14971,0
37067,"Forsyth County, North Carolina",369019,243658,95669,1112,7926,827
37071,"Gaston County, North Carolina",213442,164215,34201,888,2906,416
37081,"Guilford County, North Carolina",517600,289723,172835,1633,23812,314
37085,"Harnett County, North Carolina",128140,83178,26285,1648,1350,0
37089,"Henderson County, North Carolina",112655,100021,3708,208,1389,0
37097,"Iredell County, North Carolina",169866,138105,21451,609,4317,0
37101,"Johnston County, North Carolina",185660,146870,30183,466,1088,0
37109,"Lincoln County, North Carolina",81035,70924,4615,181,200,0
37119,"Mecklenburg County, North Carolina",1034070,587112,320209,3447,57115,119
37125,"Moore County, North Carolina",94352,78410,12689,907,1416,0
37127,"Nash County, North Carolina",93919,49193,37342,329,848,183
37129,"New Hanover County, North Carolina",220358,178674,32417,234,3601,108
37133,"Onslow County, North Carolina",186311,137859,26337,827,4280,33
37135,"Orange County, North Carolina",141354,104825,17154,885,10854,31
37147,"Pitt County, North Carolina",175842,102334,61327,274,2737,0
37151,"Randolph County, North Carolina",142799,117356,9130,505,1656,0
37155,"Robeson County, North Carolina",134197,38305,32640,51930,873,0
37157,"Rockingham County, North Carolina",91758,68799,17433,302,244,0
37159,"Rowan County, North Carolina",139142,105565,21955,164,982,47
37171,"Surry County, North Carolina",72743,66664,2498,251,393,54
37179,"Union County, North Carolina",222742,183566,23500,442,5864,0
37183,"Wake County, North Carolina",1024198,682435,214103,3416,65485,348
37191,"Wayne County, North Carolina",124132,76542,38277,456,2081,0
37195,"Wilson County, North Carolina",81714,39644,32302,1767,959,0
38015,"Burleigh County, North Dakota",92991,85634,1652,3397,774,0
38017,"Cass County, North Dakota",171512,152640,6905,1897,5021,0
38035,"Grand Forks County, North Dakota",70916,62008,2360,1417,2015,221
38101,"Ward County, North Dakota",71275,62508,2391,745,1195,96
39003,"Allen County, Ohio",104425,86537,13636,323,1060,0
39007,"Ashtabula County, Ohio",98632,91808,3828,95,558,0
39009,"Athens County, Ohio",65886,59728,1940,63,2910,0
39013,"Belmont County, Ohio",69154,64567,2313,451,77,0
39017,"Butler County, Ohio",376353,320938,26643,1113,10790,1881
39023,"Clark County, Ohio",135959,116881,11004,99,1020,94
39025,"Clermont County, Ohio",201973,192302,3379,463,2044,0
39035,"Cuyahoga County, Ohio",1255921,794041,372481,3910,36749,522
39041,"Delaware County, Ohio",193013,170763,7468,51,10806,110
39043,"Erie County, Ohio",75550,64065,6251,120,144,0
39045,"Fairfield County, Ohio",151408,134937,10834,72,2183,302
39049,"Franklin County, Ohio",1251722,853416,272019,2143,58135,328
39055,"Geauga County, Ohio",94102,90773,1175,0,398,0
39057,"Greene County, Ohio",164427,142312,11411,173,4588,0
39061,"Hamilton County, Ohio",807598,550705,206481,925,19234,287
39063,"Hancock County, Ohio",75573,69539,1541,44,1330,0
39081,"Jefferson County, Ohio",67347,61801,3270,224,115,0
39085,"Lake County, Ohio",229245,210834,9681,353,2840,16
39089,"Licking County, Ohio",170570,157316,5527,196,1657,99
39093,"Lorain County, Ohio",305147,258542,26896,1186,3804,192
39095,"Lucas County, Ohio",433689,313961,81256,923,8472,297
39099,"Mahoning County, Ohio",231900,185334,37537,1016,1776,339
39101,"Marion County, Ohio",65355,58757,3522,222,469,0
39103,"Medina County, Ohio",176395,168225,2817,253,2140,0
39109,"Miami County, Ohio",104224,97829,3094,134,1086,0
39113,"Montgomery County, Ohio",532258,390995,106552,1368,10445,141
39133,"Portage County, Ohio",162275,147011,6575,236,2580,0
39139,"Richland County, Ohio",121707,105515,8063,191,1070,0
39141,"Ross County, Ohio",77170,69567,4059,0,95,52
39151,"Stark County, Ohio",375165,331368,28395,304,3469,60
39153,"Summit County, Ohio",541968,430784,77317,718,15795,200
39155,"Trumbull County, Ohio",203751,180958,16969,30,1279,32
39157,"Tuscarawas County, Ohio",92916,89575,440,113,912,0
39165,"Warren County, Ohio",224469,200608,6779,156,10849,0
39169,"Wayne County, Ohio",116063,109654,1530,712,845,0
39173,"Wood County, Ohio",129730,119283,3672,112,1910,23
40017,"Canadian County, Oklahoma",133378,107025,3131,4780,3718,0
40027,"Cleveland County, Oklahoma",274458,213978,11577,9967,12446,120
40031,"Comanche County, Oklahoma",124648,79767,21466,6431,3248,472
40037,"Creek County, Oklahoma",70892,56326,1558,8376,68,0
40101,"Muskogee County, Oklahoma",69699,41098,8036,12409,517,0
40109,"Oklahoma County, Oklahoma",776864,537248,114640,21136,26038,673
40119,"Payne County, Oklahoma",80850,65558,3029,4111,3934,101
40125,"Pottawatomie County, Oklahoma",71875,55076,2497,11089,448,0
40131,"Rogers County, Oklahoma",90802,67884,956,10935,1177,0
40143,"Tulsa County, Oklahoma",639242,445266,64849,30398,18884,58
40145,"Wagoner County, Oklahoma",76559,58308,2939,5556,966,116
41003,"Benton County, Oregon",87572,76011,829,905,5759,78
41005,"Clackamas County, Oregon",401515,354708,3723,2768,17296,1445
41017,"Deschutes County, Oregon",175268,163923,1128,999,1805,110
41019,"Douglas County, Oregon",107685,100062,723,1054,883,72
41029,"Jackson County, Oregon",212567,193760,1514,2319,2407,376
41033,"Josephine County, Oregon",84745,77847,370,337,1027,0
41035,"Klamath County, Oregon",66016,58461,154,3263,707,144
41039,"Lane County, Oregon",362895,317444,5418,5392,8277,945
41043,"Linn County, Oregon",120547,110729,100,1047,1200,156
41047,"Marion County, Oregon",330700,278040,4055,2748,5397,3043
41051,"Multnomah County, Oregon",790294,623309,42914,6017,55377,4517
41053,"Polk County, Oregon",79391,69742,692,1470,1685,175
41059,"Umatilla County, Oregon",76531,66230,444,3533,728,162
41067,"Washington County, Oregon",574326,448092,10700,4620,56697,2142
41071,"Yamhill County, Oregon",102659,89789,1039,1233,1431,0
42001,"Adams County, Pennsylvania",102295,94195,1317,0,965,0
42003,"Allegheny County, Pennsylvania",1230459,990127,157161,1007,43711,393
42007,"Beaver County, Pennsylvania",168871,153439,10415,0,1022,0
42011,"Berks County, Pennsylvania",415271,347572,22043,5493,6266,149
42013,"Blair County, Pennsylvania",125593,119179,1507,29,954,0
42017,"Bucks County, Pennsylvania",627367,551840,24566,1291,29971,0
42019,"Butler County, Pennsylvania",186818,179365,1771,123,1576,125
42021,"Cambria County, Pennsylvania",136411,127879,4606,115,953,0
42025,"Carbon County, Pennsylvania",63960,61555,1253,20,388,0
42027,"Centre County, Pennsylvania",160580,140405,6909,12,9340,141
42029,"Chester County, Pennsylvania",515939,442708,29470,749,26192,231
42033,"Clearfield County, Pennsylvania",80994,76816,2010,334,248,0
42037,"Columbia County, Pennsylvania",66672,63739,1204,21,1031,0
42039,"Crawford County, Pennsylvania",86484,82369,1538,17,627,0
42041,"Cumberland County, Pennsylvania",246338,218722,9015,240,9157,0
42043,"Dauphin County, Pennsylvania",272983,196987,49362,384,9232,102
42045,"Delaware County, Pennsylvania",563894,392395,118178,886,28665,0
42049,"Erie County, Pennsylvania",278045,242365,20540,372,3712,129
42055,"Franklin County, Pennsylvania",153638,142091,5818,57,2019,0
42063,"Indiana County, Pennsylvania",86966,82048,2889,18,119,0
42069,"Lackawanna County, Pennsylvania",211917,195536,6473,14,4897,0
42071,"Lancaster County, Pennsylvania",536624,474069,23230,920,11311,45
42073,"Lawrence County, Pennsylvania",88082,81824,2997,211,577,0
42075,"Lebanon County, Pennsylvania",137067,120264,2425,0,2155,142
42077,"Lehigh County, Pennsylvania",360685,284731,24347,488,12450,491
42079,"Luzerne County, Pennsylvania",318449,281103,13872,745,3782,0
42081,"Lycoming County, Pennsylvania",116048,106598,5859,278,987,0
42085,"Mercer County, Pennsylvania",114234,104725,5534,98,910,0
42089,"Monroe County, Pennsylvania",166397,126199,24086,607,4008,0
42091,"Montgomery County, Pennsylvania",819264,649239,73055,864,62774,235
42095,"Northampton County, Pennsylvania",300813,259696,13105,854,8840,90
42097,"Northumberland County, Pennsylvania",93246,88658,2823,426,485,0
42101,"Philadelphia County, Pennsylvania",1567442,657151,664062,5701,113162,1403
42107,"Schuylkill County, Pennsylvania",144590,135259,5118,90,246,0
42111,"Somerset County, Pennsylvania",75522,71988,1762,0,102,0
42125,"Washington County, Pennsylvania",208261,195323,5153,342,2134,151
42129,"Westmoreland County, Pennsylvania",357956,338957,7632,131,2093,0
42133,"York County, Pennsylvania",442867,394840,26555,701,6407,0
44003,"Kent County, Rhode Island",164801,150545,2817,101,4357,0
44005,"Newport County, Rhode Island",82423,74816,2877,40,1693,0
44007,"Providence County, Rhode Island",633473,459841,57131,3444,26394,211
44009,"Washington County, Rhode Island",126517,117011,1965,978,1943,0
45003,"Aiken County, South Carolina",165829,114681,41555,248,1698,248
45007,"Anderson County, South Carolina",194692,156403,32072,259,636,91
45013,"Beaufort County, South Carolina",179589,134230,33296,169,2294,0
45015,"Berkeley County, South Carolina",202786,135041,49660,1196,4291,752
45019,"Charleston County, South Carolina",389262,264216,109027,641,4779,208
45035,"Dorchester County, South Carolina",152478,103079,40661,407,3539,0
45041,"Florence County, South Carolina",138900,75914,58525,139,1804,345
45045,"Greenville County, South Carolina",491863,369011,88999,866,11248,953
45051,"Horry County, South Carolina",309199,248966,40868,1630,3396,140
45057,"Lancaster County, South Carolina",85842,61140,22302,0,727,0
45059,"Laurens County, South Carolina",66623,46372,16527,139,253,0
45063,"Lexington County, South Carolina",281833,224186,42919,594,5216,0
45073,"Oconee County, South Carolina",75713,66804,4931,337,399,0
45075,"Orangeburg County, South Carolina",89208,30978,55352,6,368,0
45077,"Pickens County, South Carolina",121691,108430,7782,239,2241,0
45079,"Richland County, South Carolina",407051,190429,185404,487,11032,491
45083,"Spartanburg County, South Carolina",297302,218859,60907,443,7227,0
45085,"Sumter County, South Carolina",107480,52636,50282,312,1369,0
45091,"York County, South Carolina",251195,187780,49189,1681,5115,0
46099,"Minnehaha County, South Dakota",185197,159165,8943,4080,3183,11
46103,"Pennington County, South Dakota",108702,89994,732,7603,1815,316
47001,"Anderson County, Tennessee",75749,68737,2848,464,844,2
47009,"Blount County, Tennessee",127253,119270,3820,383,874,0
47011,"Bradley County, Tennessee",104091,95214,5519,78,1186,0
47037,"Davidson County, Tennessee",678889,433961,182939,2769,21202,76
47065,"Hamilton County, Tennessee",354098,267764,68286,692,7550,63
47093,"Knox County, Tennessee",451324,385921,39109,614,8744,677
47113,"Madison County, Tennessee",97610,58162,35388,0,953,0
47119,"Maury County, Tennessee",87757,73683,10742,98,614,0
47125,"Montgomery County, Tennessee",193479,138443,39336,1406,4337,659
47141,"Putnam County, Tennessee",74553,69372,1887,89,1062,0
47147,"Robertson County, Tennessee",68570,60810,5365,0,364,0
47149,"Rutherford County, Tennessee",298612,232642,41011,531,9592,40
47155,"Sevier County, Tennessee",95946,90270,709,822,910,0
47157,"Shelby County, Tennessee",938069,371647,498328,593,24355,621
47163,"Sullivan County, Tennessee",156791,148311,4325,186,471,119
47165,"Sumner County, Tennessee",175989,153447,11293,710,2087,122
47179,"Washington County, Tennessee",126302,115931,4618,342,1822,0
47187,"Williamson County, Tennessee",211672,189788,10365,0,8467,48
47189,"Wilson County, Tennessee",128911,113459,9093,669,1716,0
48005,"Angelina County, Texas",88255,69381,12504,63,923,0
48021,"Bastrop County, Texas",80527,55426,5498,852,833,0
48027,"Bell County, Texas",334941,217790,72623,1889,9371,2467
48029,"Bexar County, Texas",1897753,1539435,145788,14546,53560,1799
48037,"Bowie County, Texas",93389,63002,23335,1026,105,0
48039,"Brazoria County, Texas",346312,257656,44984,1278,21197,0
48041,"Brazos County, Texas",215037,160827,22886,476,12750,54
48061,"Cameron County, Texas",422156,396469,1795,1549,2664,35
48085,"Collin County, Texas",914127,650608,85968,6308,125839,741
48091,"Comal County, Texas",129048,114135,2869,503,1233,0
48099,"Coryell County, Texas",75503,53964,9534,330,1602,2513
48113,"Dallas County, Texas",2553385,1590220,569901,10453,151742,1328
48121,"Denton County, Texas",780612,587476,75611,2625,62543,0
48135,"Ector County, Texas",159436,140664,6503,335,1531,0
48139,"Ellis County, Texas",163632,130956,16441,1333,1061,0
48141,"El Paso County, Texas",835593,703725,31617,5874,10663,75
48157,"Fort Bend County, Texas",716087,367207,150245,2395,139855,548
48167,"Galveston County, Texas",322225,249430,41377,1376,8666,126
48181,"Grayson County, Texas",125467,109315,7462,2230,1495,0
48183,"Gregg County, Texas",124108,93018,25971,123,1703,0
48187,"Guadalupe County, Texas",151249,99389,11383,526,2465,0
48201,"Harris County, Texas",4538028,2899194,856485,16777,314955,1146
48209,"Hays County, Texas",194739,167830,9387,701,3498,0
48213,"Henderson County, Texas",79545,70751,6265,391,593,49
48215,"Hidalgo County, Texas",842304,744591,5649,1622,9113,200
48231,"Hunt County, Texas",89844,70887,7244,695,1080,0
48245,"Jefferson County, Texas",254308,148271,86891,1053,8316,142
48251,"Johnson County, Texas",159990,145296,6050,1073,591,662
48257,"Kaufman County, Texas",114690,93222,12424,392,1368,50
48291,"Liberty County, Texas",79654,64932,8717,307,174,23
48303,"Lubbock County, Texas",299453,246712,19424,4282,6589,40
48309,"McLennan County, Texas",245671,193979,36219,888,4675,0
48329,"Midland County, Texas",161077,138827,9055,485,2763,58
48339,"Montgomery County, Texas",537559,456558,23220,2050,14434,0
48347,"Nacogdoches County, Texas",65664,50721,12096,248,1209,0
48355,"Nueces County, Texas",359715,322549,13846,2065,7662,84
48361,"Orange County, Texas",84260,73959,7597,148,959,0
48367,"Parker County, Texas",126042,114007,1628,2067,627,66
48375,"Potter County, Texas",121802,97793,10046,568,6346,200
48381,"Randall County, Texas",130269,116771,3598,529,2210,300
48397,"Rockwall County, Texas",90861,77876,4533,554,2381,0
48409,"San Patricio County, Texas",67357,62295,628,179,1805,35
48423,"Smith County, Texas",222936,171437,38848,615,3427,5
48439,"Tarrant County, Texas",1982498,1380960,316980,8210,103361,3772
48441,"Taylor County, Texas",136051,104669,10296,759,2100,0
48451,"Tom Green County, Texas",118105,100919,5831,275,2000,242
48453,"Travis County, Texas",1176558,872255,100301,4785,75784,354
48469,"Victoria County, Texas",92382,78909,5515,40,1102,0
48471,"Walker County, Texas",70699,50476,15418,555,675,48
48479,"Webb County, Texas",269721,258007,590,856,1884,0
48485,"Wichita County, Texas",131705,104889,13562,989,3278,27
48491,"Williamson County, Texas",508514,412300,32210,1114,31068,73
49005,"Cache County, Utah",120783,107508,1082,739,2842,216
49011,"Davis County, Utah",336043,298879,3576,1003,6626,1953
49035,"Salt Lake County, Utah",1107314,901318,19813,8771,43608,15404
49049,"Utah County, Utah",575205,528986,4000,2530,9037,3612
49053,"Washington County, Utah",155602,140239,1343,3793,817,758
49057,"Weber County, Utah",243645,217805,2578,1931,2693,168
50007,"Chittenden County, Vermont",161382,146387,4265,449,6420,126
51003,"Albemarle County, Virginia",105703,87226,10590,153,5210,0
51013,"Arlington County, Virginia",229164,165282,20354,160,24290,202
51041,"Chesterfield County, Virginia",335687,228972,76900,653,10728,0
51059,"Fairfax County, Virginia",1142234,701027,109153,1802,216996,481
51061,"Fauquier County, Virginia",68782,59774,5810,78,1132,0
51069,"Frederick County, Virginia",83199,76429,3625,701,988,322
51085,"Hanover County, Virginia",103227,88787,9924,100,1666,0
51087,"Henrico County, Virginia",325155,187036,96570,832,26530,249
51095,"James City County, Virginia",73147,58542,9453,120,2377,0
51107,"Loudoun County, Virginia",375629,248621,27685,623,64511,450
51121,"Montgomery County, Virginia",97653,82101,4769,46,6446,0
51153,"Prince William County, Virginia",451721,258165,95253,2090,36029,404
51161,"Roanoke County, Virginia",94409,83848,5893,107,2062,0
51165,"Rockingham County, Virginia",78593,73275,1735,553,731,13
51177,"Spotsylvania County, Virginia",130475,96644,21291,791,3132,261
51179,"Stafford County, Virginia",142003,98526,25343,351,4468,230
51199,"York County, Virginia",67837,51413,8604,254,3438,156
51510,"Alexandria city, Virginia",153511,97333,31470,280,10137,0
51550,"Chesapeake city, Virginia",235429,144648,70444,506,8441,294
51650,"Hampton city, Virginia",136454,58494,67048,817,3407,167
51680,"Lynchburg city, Virginia",79812,52055,22715,219,2339,0
51700,"Newport News city, Virginia",182385,88771,73574,346,6629,308
51710,"Norfolk city, Virginia",246393,120510,102513,1425,9488,159
51740,"Portsmouth city, Virginia",96201,39779,50543,471,530,0
51760,"Richmond city, Virginia",220289,98864,104583,2276,4866,112
51770,"Roanoke city, Virginia",99897,64887,27458,27,2673,0
51800,"Suffolk city, Virginia",88161,45880,37780,454,1880,0
51810,"Virginia Beach city, Virginia",452745,304039,88810,1096,28670,252
53005,"Benton County, Washington",190309,152402,804,1621,4218,144
53009,"Clallam County, Washington",73486,65131,78,3731,1443,25
53011,"Clark County, Washington",459495,389337,9116,2259,19767,2674
53015,"Cowlitz County, Washington",103468,93275,340,1182,1784,0
53021,"Franklin County, Washington",88807,70420,2109,130,1695,30
53025,"Grant County, Washington",93259,66740,423,702,876,83
53027,"Grays Harbor County, Washington",71122,62253,613,3024,1138,244
53029,"Island County, Washington",80593,68647,2731,932,3982,373
53033,"King County, Washington",2117125,1395839,134947,14181,346434,17989
53035,"Kitsap County, Washington",260131,211298,6354,2183,10975,1472
53041,"Lewis County, Washington",75882,69937,538,769,1132,0
53053,"Pierce County, Washington",843954,618424,57198,9773,53169,12165
53057,"Skagit County, Washington",121846,100273,1203,1814,2296,228
53061,"Snohomish County, Washington",772501,598628,20169,6669,73832,4248
53063,"Spokane County, Washington",490945,435403,7778,6567,10729,2525
53067,"Thurston County, Washington",269536,221351,8945,4889,14556,2493
53073,"Whatcom County, Washington",212284,177511,1808,6691,8499,841
53077,"Yakima County, Washington",248830,201706,2383,9457,2313,0
54003,"Berkeley County, West Virginia",111901,97522,9164,0,1362,0
54011,"Cabell County, West Virginia",96844,88105,5103,313,1391,0
54039,"Kanawha County, West Virginia",188332,166990,13492,61,2416,0
54061,"Monongalia County, West Virginia",104236,94347,2666,194,3147,0
54107,"Wood County, West Virginia",86452,83093,733,186,645,206
55009,"Brown County, Wisconsin",258718,219747,5603,5800,7907,28
55025,"Dane County, Wisconsin",523643,439973,27796,1327,29204,211
55027,"Dodge County, Wisconsin",88502,82203,2010,626,801,0
55035,"Eau Claire County, Wisconsin",102105,93875,971,495,4836,36
55039,"Fond du Lac County, Wisconsin",101973,95901,1620,627,878,26
55055,"Jefferson County, Wisconsin",84559,79619,643,83,636,0
55059,"Kenosha County, Wisconsin",168437,146113,12205,818,2609,0
55063,"La Crosse County, Wisconsin",118212,108075,1248,599,5574,1
55071,"Manitowoc County, Wisconsin",79806,75526,614,193,2518,12
55073,"Marathon County, Wisconsin",135868,124426,849,575,7748,265
55079,"Milwaukee County, Wisconsin",957735,583545,251506,5436,40240,325
55087,"Outagamie County, Wisconsin",183245,164135,2208,3266,6428,39
55089,"Ozaukee County, Wisconsin",87850,82673,1240,306,1923,51
55097,"Portage County, Wisconsin",70408,66020,449,69,2298,0
55101,"Racine County, Wisconsin",195080,156226,22460,829,2333,59
55105,"Rock County, Wisconsin",161448,144295,5434,687,2122,0
55109,"St. Croix County, Wisconsin",87513,84405,919,114,1124,0
55117,"Sheboygan County, Wisconsin",115569,104047,1741,329,6360,0
55127,"Walworth County, Wisconsin",102804,96056,1259,618,1128,0
55131,"Washington County, Wisconsin",133674,127584,1445,132,775,0
55133,"Waukesha County, Wisconsin",396488,366883,5451,897,12717,217
55139,"Winnebago County, Wisconsin",169546,157168,3919,1223,5161,0
55141,"Wood County, Wisconsin",73435,69416,540,425,1485,39
56021,"Laramie County, Wyoming",97121,86194,2474,980,1141,181
